epoch,train_loss,val_loss,val_cd_rmse,val_pc_rmse,lr,elapsed_s
1,1.14582610e+00,9.79673564e-01,3.88981733e-02,6.50833236e-02,9.999901e-04,0.1
2,8.91517222e-01,8.14836144e-01,3.79949061e-02,5.80070235e-02,9.999606e-04,0.2
3,7.33875215e-01,6.83860600e-01,3.71639143e-02,5.20294637e-02,9.999113e-04,0.2
4,6.11858785e-01,5.96308112e-01,3.60568683e-02,4.76804245e-02,9.998423e-04,0.3
5,5.34465253e-01,5.39485574e-01,3.49285120e-02,4.47191929e-02,9.997535e-04,0.4
6,4.85324681e-01,4.94546920e-01,3.40831899e-02,4.27411169e-02,9.996451e-04,0.5
7,4.44773108e-01,4.57969993e-01,3.34610999e-02,4.14172387e-02,9.995170e-04,0.6
8,4.10669178e-01,4.27630931e-01,3.29123591e-02,4.02433424e-02,9.993691e-04,0.6
9,3.82580698e-01,4.01908875e-01,3.24252498e-02,3.89887974e-02,9.992016e-04,0.7
10,3.58717442e-01,3.78376573e-01,3.20416119e-02,3.76585365e-02,9.990144e-04,0.8
11,3.37091386e-01,3.55931699e-01,3.17264238e-02,3.64135397e-02,9.988074e-04,0.9
12,3.17077428e-01,3.35653394e-01,3.14123843e-02,3.53211297e-02,9.985809e-04,1.0
13,2.99507737e-01,3.18620384e-01,3.10628824e-02,3.44800387e-02,9.983346e-04,1.0
14,2.85062760e-01,3.02367896e-01,3.06621487e-02,3.37663804e-02,9.980687e-04,1.1
15,2.71256030e-01,2.87327766e-01,3.01985859e-02,3.32001351e-02,9.977832e-04,1.2
16,2.58464605e-01,2.73097515e-01,2.97054740e-02,3.26562206e-02,9.974780e-04,1.3
17,2.46370405e-01,2.60222018e-01,2.92704825e-02,3.21551483e-02,9.971532e-04,1.3
18,2.35714614e-01,2.48187900e-01,2.88726541e-02,3.14189754e-02,9.968088e-04,1.4
19,2.25790337e-01,2.37164959e-01,2.84568174e-02,3.05252412e-02,9.964449e-04,1.5
20,2.16588005e-01,2.26282999e-01,2.80604782e-02,2.97984072e-02,9.960613e-04,1.6
21,2.07891837e-01,2.16926008e-01,2.77160392e-02,2.92715242e-02,9.956582e-04,1.7
22,2.00381175e-01,2.08732203e-01,2.73107596e-02,2.86424951e-02,9.952355e-04,1.7
23,1.93478107e-01,2.01256856e-01,2.69463439e-02,2.82523439e-02,9.947933e-04,1.8
24,1.87424824e-01,1.94523737e-01,2.65885675e-02,2.79376920e-02,9.943315e-04,1.9
25,1.81980208e-01,1.88414916e-01,2.62409432e-02,2.74863259e-02,9.938503e-04,2.0
26,1.76969573e-01,1.82333991e-01,2.59321958e-02,2.70716754e-02,9.933496e-04,2.0
27,1.72227368e-01,1.76575199e-01,2.56279698e-02,2.67080276e-02,9.928295e-04,2.1
28,1.67728141e-01,1.71063021e-01,2.53587405e-02,2.63011061e-02,9.922899e-04,2.2
29,1.63508907e-01,1.66305944e-01,2.50416550e-02,2.59273907e-02,9.917309e-04,2.3
30,1.59491137e-01,1.61959112e-01,2.47837396e-02,2.58970587e-02,9.911525e-04,2.3
31,1.55969694e-01,1.59303650e-01,2.45335698e-02,2.51786372e-02,9.905547e-04,2.4
32,1.53561816e-01,1.56517044e-01,2.43759058e-02,2.56774488e-02,9.899376e-04,2.5
33,1.52188942e-01,1.53484821e-01,2.39971592e-02,2.46800733e-02,9.893012e-04,2.6
34,1.49021000e-01,1.47692591e-01,2.37477780e-02,2.45996817e-02,9.886454e-04,2.7
35,1.44483730e-01,1.43964782e-01,2.35393662e-02,2.44002871e-02,9.879704e-04,2.7
36,1.41037241e-01,1.42503083e-01,2.33956625e-02,2.38920602e-02,9.872762e-04,2.8
37,1.39607623e-01,1.40081450e-01,2.31939817e-02,2.40642196e-02,9.865627e-04,2.9
38,1.38124108e-01,1.36426747e-01,2.29669316e-02,2.35390452e-02,9.858301e-04,3.0
39,1.34383291e-01,1.33805111e-01,2.28259262e-02,2.31789695e-02,9.850782e-04,3.1
40,1.31932586e-01,1.32372409e-01,2.26609368e-02,2.31757018e-02,9.843073e-04,3.2
41,1.31417572e-01,1.30408034e-01,2.24941613e-02,2.27590437e-02,9.835172e-04,3.2
42,1.28731370e-01,1.27099738e-01,2.22779182e-02,2.25760946e-02,9.827081e-04,3.3
43,1.26177669e-01,1.25656232e-01,2.21365520e-02,2.22908648e-02,9.818800e-04,3.4
44,1.25225917e-01,1.24723092e-01,2.20173997e-02,2.20405702e-02,9.810328e-04,3.5
45,1.23573154e-01,1.22335225e-01,2.18503540e-02,2.20424996e-02,9.801667e-04,3.5
46,1.22136816e-01,1.21442527e-01,2.18073002e-02,2.16608854e-02,9.792816e-04,3.6
47,1.20855570e-01,1.18989214e-01,2.15079772e-02,2.15241436e-02,9.783777e-04,3.7
48,1.18842117e-01,1.17474481e-01,2.13638292e-02,2.13331859e-02,9.774548e-04,3.8
49,1.17517434e-01,1.17175579e-01,2.13906591e-02,2.11359249e-02,9.765132e-04,3.8
50,1.16941497e-01,1.15366623e-01,2.11539795e-02,2.11438130e-02,9.755527e-04,3.9
51,1.15798175e-01,1.14877716e-01,2.11159937e-02,2.08440563e-02,9.745735e-04,4.0
52,1.14593767e-01,1.12992220e-01,2.09063035e-02,2.07639601e-02,9.735756e-04,4.1
53,1.13763496e-01,1.12786248e-01,2.08644199e-02,2.05676183e-02,9.725590e-04,4.2
54,1.12425469e-01,1.10435277e-01,2.06684683e-02,2.04186378e-02,9.715238e-04,4.2
55,1.10964015e-01,1.09938167e-01,2.06570359e-02,2.02320702e-02,9.704699e-04,4.3
56,1.10075392e-01,1.09089859e-01,2.04750198e-02,2.02041684e-02,9.693976e-04,4.4
57,1.09225079e-01,1.08060271e-01,2.04675066e-02,2.00216812e-02,9.683067e-04,4.5
58,1.08066201e-01,1.07001513e-01,2.03195467e-02,1.99186802e-02,9.671973e-04,4.5
59,1.07085168e-01,1.06771596e-01,2.02269789e-02,1.98018032e-02,9.660695e-04,4.6
60,1.06418557e-01,1.05679773e-01,2.01314408e-02,1.96927010e-02,9.649234e-04,4.7
61,1.05730370e-01,1.05934285e-01,2.01284149e-02,1.96141825e-02,9.637589e-04,4.8
62,1.04984581e-01,1.05264314e-01,2.00357863e-02,1.96946058e-02,9.625761e-04,4.8
63,1.04930639e-01,1.10003218e-01,2.07046619e-02,2.00869767e-02,9.613750e-04,4.9
64,1.07473679e-01,1.16202958e-01,2.09907142e-02,2.11471740e-02,9.601558e-04,5.0
65,1.15735918e-01,1.22882433e-01,2.18662138e-02,2.13279723e-02,9.589184e-04,5.1
66,1.17780365e-01,1.06474303e-01,1.98304686e-02,1.95096698e-02,9.576630e-04,5.1
67,1.06251635e-01,1.08497679e-01,1.98730049e-02,1.97861725e-02,9.563894e-04,5.2
68,1.06057599e-01,1.11403689e-01,2.08295189e-02,2.02441889e-02,9.550979e-04,5.3
69,1.07689776e-01,1.02448337e-01,1.96303106e-02,1.92336437e-02,9.537885e-04,5.4
70,1.00652412e-01,1.09689541e-01,1.98588625e-02,1.98673718e-02,9.524611e-04,5.4
71,1.05880916e-01,1.03674665e-01,1.99777400e-02,1.92925167e-02,9.511159e-04,5.5
72,1.00329220e-01,1.03149310e-01,1.98682322e-02,1.92980018e-02,9.497529e-04,5.6
73,9.97187793e-02,1.06297895e-01,1.96370909e-02,1.94180836e-02,9.483722e-04,5.7
74,1.01726405e-01,9.98097211e-02,1.94146786e-02,1.88517727e-02,9.469738e-04,5.8
75,9.63137671e-02,1.03988990e-01,2.00861039e-02,1.94098682e-02,9.455578e-04,5.8
76,9.91457254e-02,1.01283707e-01,1.93374303e-02,1.87817649e-02,9.441242e-04,5.9
77,9.55643952e-02,1.01428650e-01,1.93907641e-02,1.89966318e-02,9.426730e-04,6.0
78,9.64456573e-02,9.95567963e-02,1.94815553e-02,1.87510600e-02,9.412045e-04,6.0
79,9.43840817e-02,1.01174094e-01,1.96335132e-02,1.88492895e-02,9.397185e-04,6.1
80,9.43806097e-02,1.00025266e-01,1.92293551e-02,1.87227567e-02,9.382152e-04,6.2
81,9.36227813e-02,9.81403887e-02,1.91556243e-02,1.85188406e-02,9.366946e-04,6.3
82,9.18362737e-02,1.00731954e-01,1.95592087e-02,1.87734545e-02,9.351568e-04,6.3
83,9.27268863e-02,9.83070657e-02,1.91619132e-02,1.84569438e-02,9.336018e-04,6.4
84,9.03505236e-02,9.83314142e-02,1.90816145e-02,1.84696720e-02,9.320297e-04,6.5
85,9.06465948e-02,9.77614224e-02,1.92089724e-02,1.83850630e-02,9.304406e-04,6.6
86,8.96181092e-02,9.76286903e-02,1.92062839e-02,1.84126000e-02,9.288346e-04,6.6
87,8.88413042e-02,9.79884639e-02,1.90117356e-02,1.82933256e-02,9.272116e-04,6.7
88,8.87324885e-02,9.64417905e-02,1.90634755e-02,1.81911170e-02,9.255717e-04,6.8
89,8.73354524e-02,9.65755060e-02,1.91461360e-02,1.82271790e-02,9.239151e-04,6.9
90,8.72139931e-02,9.64955240e-02,1.89519454e-02,1.80703036e-02,9.222418e-04,6.9
91,8.63901302e-02,9.59433317e-02,1.89728958e-02,1.80101507e-02,9.205518e-04,7.0
92,8.53755921e-02,9.61518288e-02,1.90880378e-02,1.80561379e-02,9.188453e-04,7.1
93,8.53518397e-02,9.51792300e-02,1.88955287e-02,1.79091531e-02,9.171222e-04,7.2
94,8.41608196e-02,9.53389183e-02,1.88937074e-02,1.78984913e-02,9.153827e-04,7.2
95,8.39763060e-02,9.57088098e-02,1.90806319e-02,1.79265283e-02,9.136267e-04,7.3
96,8.34267214e-02,9.49689150e-02,1.89006417e-02,1.77875820e-02,9.118545e-04,7.4
97,8.25182423e-02,9.47842002e-02,1.88389373e-02,1.77752569e-02,9.100661e-04,7.5
98,8.23667943e-02,9.50480476e-02,1.90085531e-02,1.77897233e-02,9.082615e-04,7.5
99,8.16963017e-02,9.45469812e-02,1.89146361e-02,1.76934057e-02,9.064407e-04,7.6
100,8.09566975e-02,9.45268050e-02,1.88220828e-02,1.76950835e-02,9.046040e-04,7.7
101,8.07615072e-02,9.45108384e-02,1.89244671e-02,1.76798673e-02,9.027513e-04,7.8
102,8.00737068e-02,9.42209214e-02,1.88975131e-02,1.76095697e-02,9.008827e-04,7.8
103,7.94400796e-02,9.42245126e-02,1.88160168e-02,1.76053123e-02,8.989983e-04,7.9
104,7.92018622e-02,9.39117745e-02,1.88860802e-02,1.75861739e-02,8.970982e-04,8.0
105,7.85561502e-02,9.39573869e-02,1.88651195e-02,1.75114604e-02,8.951824e-04,8.1
106,7.79445171e-02,9.37659442e-02,1.87878552e-02,1.74779319e-02,8.932511e-04,8.2
107,7.76453987e-02,9.33411792e-02,1.88445614e-02,1.74557267e-02,8.913042e-04,8.2
108,7.71023184e-02,9.31942239e-02,1.88217446e-02,1.74092547e-02,8.893419e-04,8.3
109,7.64771476e-02,9.34956595e-02,1.87849902e-02,1.73856085e-02,8.873643e-04,8.4
110,7.61463270e-02,9.27535221e-02,1.88212797e-02,1.73682395e-02,8.853714e-04,8.5
111,7.56800100e-02,9.27536190e-02,1.87660449e-02,1.73083051e-02,8.833633e-04,8.5
112,7.50842467e-02,9.27345604e-02,1.87646276e-02,1.72806049e-02,8.813400e-04,8.6
113,7.47018754e-02,9.25844237e-02,1.88161895e-02,1.72799770e-02,8.793018e-04,8.7
114,7.43702576e-02,9.22431722e-02,1.87391344e-02,1.72233076e-02,8.772486e-04,8.8
115,7.40276799e-02,9.39122885e-02,1.87826278e-02,1.72543868e-02,8.751805e-04,8.8
116,7.42243677e-02,9.37933698e-02,1.87920831e-02,1.73373257e-02,8.730976e-04,8.9
117,7.62356073e-02,1.13000661e-01,1.90087020e-02,1.78625483e-02,8.710000e-04,9.0
118,8.73056650e-02,1.10358186e-01,1.90259866e-02,1.79680768e-02,8.688878e-04,9.1
119,9.70158577e-02,1.09201245e-01,1.91619376e-02,1.83929795e-02,8.667610e-04,9.1
120,9.74071845e-02,1.03496432e-01,2.02023193e-02,1.86222302e-02,8.646198e-04,9.2
121,9.23515260e-02,1.08620942e-01,1.98072334e-02,1.84737310e-02,8.624642e-04,9.3
122,1.04672074e-01,9.83809084e-02,1.90884635e-02,1.81774949e-02,8.602944e-04,9.4
123,9.50248316e-02,1.01505592e-01,1.89731088e-02,1.77397513e-02,8.581103e-04,9.4
124,9.52989385e-02,1.02652490e-01,1.90360511e-02,1.83689708e-02,8.559121e-04,9.5
125,9.28626731e-02,1.01044290e-01,1.91225692e-02,1.79155610e-02,8.536998e-04,9.6
126,8.85748267e-02,1.03265673e-01,1.89973279e-02,1.85598757e-02,8.514737e-04,9.7
127,8.91312957e-02,9.92410034e-02,1.90632436e-02,1.79333461e-02,8.492336e-04,9.8
128,8.75113681e-02,9.68572795e-02,1.88723348e-02,1.79371266e-02,8.469798e-04,9.8
129,8.43352526e-02,9.97769386e-02,1.95428052e-02,1.86410972e-02,8.447123e-04,9.9
130,8.41394365e-02,1.00210249e-01,1.90316508e-02,1.77659310e-02,8.424313e-04,10.0
131,8.20169821e-02,1.02040797e-01,1.90721618e-02,1.83106000e-02,8.401367e-04,10.1
132,8.38607252e-02,9.71506014e-02,1.92872141e-02,1.80896321e-02,8.378287e-04,10.1
133,7.99599662e-02,9.64267552e-02,1.91927055e-02,1.80344146e-02,8.355074e-04,10.2
134,7.97139034e-02,9.57425013e-02,1.89500083e-02,1.77627689e-02,8.331729e-04,10.3
135,7.89250508e-02,9.44279283e-02,1.89117405e-02,1.75087390e-02,8.308253e-04,10.4
136,7.68085495e-02,9.59449187e-02,1.90889827e-02,1.79398604e-02,8.284646e-04,10.4
137,7.73563311e-02,9.42639932e-02,1.89242424e-02,1.76107573e-02,8.260909e-04,10.5
138,7.48615712e-02,9.40925851e-02,1.88867397e-02,1.75338602e-02,8.237045e-04,10.6
139,7.40768537e-02,9.30336937e-02,1.89814696e-02,1.73904235e-02,8.213052e-04,10.7
140,7.27651417e-02,9.29320306e-02,1.89109335e-02,1.74225020e-02,8.188933e-04,10.8
141,7.20027834e-02,9.37970951e-02,1.89326514e-02,1.75431220e-02,8.164688e-04,10.8
142,7.18775839e-02,9.36378315e-02,1.90504902e-02,1.75022176e-02,8.140318e-04,10.9
143,7.08680972e-02,9.38944370e-02,1.92062976e-02,1.74613510e-02,8.115825e-04,11.0
144,7.00753257e-02,9.41185951e-02,1.89123599e-02,1.72700423e-02,8.091209e-04,11.1
145,6.93959147e-02,9.37013403e-02,1.88529827e-02,1.72229156e-02,8.066471e-04,11.2
146,6.86467066e-02,9.28261578e-02,1.89016051e-02,1.71866110e-02,8.041612e-04,11.3
147,6.83874562e-02,9.19171274e-02,1.88108581e-02,1.71151813e-02,8.016633e-04,11.4
148,6.73584938e-02,9.22580883e-02,1.88066194e-02,1.71250319e-02,7.991535e-04,11.5
149,6.71176091e-02,9.20825601e-02,1.88996869e-02,1.71138530e-02,7.966320e-04,11.6
150,6.67034462e-02,9.14761499e-02,1.88443172e-02,1.70748950e-02,7.940987e-04,11.7
151,6.61495849e-02,9.13451239e-02,1.88298390e-02,1.71577913e-02,7.915539e-04,11.8
152,6.59710765e-02,9.07621458e-02,1.88512189e-02,1.71159888e-02,7.889976e-04,11.9
153,6.53457567e-02,9.12733674e-02,1.89321787e-02,1.71631862e-02,7.864298e-04,11.9
154,6.51551858e-02,9.16816518e-02,1.89028682e-02,1.71582535e-02,7.838508e-04,12.0
155,6.47159815e-02,9.11162868e-02,1.88933206e-02,1.71010335e-02,7.812606e-04,12.1
156,6.41937107e-02,9.04573202e-02,1.89064798e-02,1.70300014e-02,7.786594e-04,12.2
157,6.39232770e-02,9.02978629e-02,1.88453148e-02,1.69723313e-02,7.760471e-04,12.3
158,6.33610263e-02,9.04859826e-02,1.88335871e-02,1.69666686e-02,7.734240e-04,12.3
159,6.30975440e-02,9.01139006e-02,1.88572103e-02,1.69078325e-02,7.707901e-04,12.4
160,6.28152043e-02,8.97859558e-02,1.88293175e-02,1.68632851e-02,7.681455e-04,12.5
161,6.23513870e-02,8.99765790e-02,1.88439919e-02,1.69028592e-02,7.654903e-04,12.6
162,6.21022955e-02,8.99104699e-02,1.88752590e-02,1.68658422e-02,7.628247e-04,12.6
163,6.17526844e-02,8.98543447e-02,1.88941561e-02,1.68644842e-02,7.601488e-04,12.7
164,6.14395663e-02,8.98959041e-02,1.88769598e-02,1.68782722e-02,7.574625e-04,12.8
165,6.11606203e-02,8.96771997e-02,1.88732825e-02,1.68506014e-02,7.547662e-04,12.9
166,6.08160906e-02,8.96688402e-02,1.88772649e-02,1.68299072e-02,7.520598e-04,12.9
167,6.06248565e-02,8.96518975e-02,1.88586032e-02,1.68279800e-02,7.493435e-04,13.0
168,6.02960400e-02,8.95172432e-02,1.88522967e-02,1.68028656e-02,7.466173e-04,13.1
169,6.00525253e-02,8.92911330e-02,1.88614637e-02,1.67741159e-02,7.438814e-04,13.2
170,5.97837530e-02,8.93044397e-02,1.88512980e-02,1.67735729e-02,7.411360e-04,13.2
171,5.95317297e-02,8.94376785e-02,1.88606135e-02,1.67926428e-02,7.383810e-04,13.3
172,5.92902415e-02,8.94319713e-02,1.88763921e-02,1.67863522e-02,7.356166e-04,13.4
173,5.90607785e-02,8.93949866e-02,1.88724573e-02,1.67796341e-02,7.328430e-04,13.5
174,5.88226728e-02,8.93166065e-02,1.88587110e-02,1.67659393e-02,7.300601e-04,13.5
175,5.85904531e-02,8.91419873e-02,1.88538886e-02,1.67454195e-02,7.272683e-04,13.6
176,5.83580881e-02,8.91621113e-02,1.88616468e-02,1.67418904e-02,7.244674e-04,13.7
177,5.81268482e-02,8.93701315e-02,1.88706122e-02,1.67629668e-02,7.216577e-04,13.8
178,5.79172671e-02,8.93579796e-02,1.88717673e-02,1.67505811e-02,7.188393e-04,13.8
179,5.77031262e-02,8.91784579e-02,1.88677110e-02,1.67180516e-02,7.160123e-04,13.9
180,5.74938618e-02,8.91208649e-02,1.88596238e-02,1.67162160e-02,7.131768e-04,14.0
181,5.72781228e-02,8.91645998e-02,1.88625180e-02,1.67286516e-02,7.103328e-04,14.1
182,5.70786856e-02,8.91317129e-02,1.88689852e-02,1.67259183e-02,7.074806e-04,14.1
183,5.68781048e-02,8.90941322e-02,1.88670705e-02,1.67278414e-02,7.046202e-04,14.2
184,5.66766188e-02,8.90902951e-02,1.88625892e-02,1.67321948e-02,7.017518e-04,14.3
185,5.64944036e-02,8.90097320e-02,1.88592669e-02,1.67137548e-02,6.988754e-04,14.3
186,5.62961735e-02,8.89395103e-02,1.88549977e-02,1.66962705e-02,6.959911e-04,14.4
187,5.61155155e-02,8.88930634e-02,1.88487622e-02,1.66871986e-02,6.930992e-04,14.5
188,5.59254065e-02,8.88454393e-02,1.88456308e-02,1.66775668e-02,6.901997e-04,14.6
189,5.57443239e-02,8.88771266e-02,1.88489698e-02,1.66774318e-02,6.872926e-04,14.6
190,5.55652902e-02,8.89324844e-02,1.88517543e-02,1.66873124e-02,6.843782e-04,14.7
191,5.53910360e-02,8.88940319e-02,1.88540247e-02,1.66865557e-02,6.814565e-04,14.8
192,5.52105419e-02,8.88550654e-02,1.88587509e-02,1.66796293e-02,6.785277e-04,14.9
193,5.50418273e-02,8.89173523e-02,1.88644706e-02,1.66854136e-02,6.755919e-04,14.9
194,5.48672192e-02,8.89458135e-02,1.88660852e-02,1.66907660e-02,6.726491e-04,15.0
195,5.46990782e-02,8.88626873e-02,1.88610738e-02,1.66804005e-02,6.696996e-04,15.1
196,5.45297116e-02,8.88218880e-02,1.88557703e-02,1.66717697e-02,6.667434e-04,15.2
197,5.43634892e-02,8.88352022e-02,1.88543671e-02,1.66711490e-02,6.637806e-04,15.2
198,5.42013831e-02,8.88088942e-02,1.88543833e-02,1.66679215e-02,6.608113e-04,15.3
199,5.40361516e-02,8.88257250e-02,1.88580001e-02,1.66670897e-02,6.578358e-04,15.4
200,5.38748614e-02,8.89041647e-02,1.88658722e-02,1.66737869e-02,6.548540e-04,15.5
201,5.37151098e-02,8.89387131e-02,1.88730077e-02,1.66793908e-02,6.518661e-04,15.5
202,5.35555929e-02,8.89511555e-02,1.88771448e-02,1.66849645e-02,6.488723e-04,15.6
203,5.33987433e-02,8.89748707e-02,1.88783136e-02,1.66885622e-02,6.458726e-04,15.7
204,5.32410927e-02,8.89431313e-02,1.88759683e-02,1.66841074e-02,6.428671e-04,15.8
205,5.30853197e-02,8.89117122e-02,1.88743595e-02,1.66798016e-02,6.398561e-04,15.8
206,5.29316403e-02,8.89530107e-02,1.88772111e-02,1.66840412e-02,6.368395e-04,15.9
207,5.27772047e-02,8.89723673e-02,1.88805255e-02,1.66866641e-02,6.338175e-04,16.0
208,5.26233986e-02,8.89740586e-02,1.88835720e-02,1.66863343e-02,6.307903e-04,16.1
209,5.24724908e-02,8.90207887e-02,1.88877130e-02,1.66910363e-02,6.277580e-04,16.1
210,5.23198470e-02,8.90216306e-02,1.88872805e-02,1.66931386e-02,6.247206e-04,16.2
211,5.21681346e-02,8.89917985e-02,1.88832727e-02,1.66882458e-02,6.216783e-04,16.3
212,5.20171896e-02,8.90028998e-02,1.88825627e-02,1.66877677e-02,6.186312e-04,16.4
213,5.18674925e-02,8.90191048e-02,1.88851263e-02,1.66931447e-02,6.155795e-04,16.4
214,5.17170541e-02,8.90528783e-02,1.88884238e-02,1.66978058e-02,6.125232e-04,16.5
215,5.15668429e-02,8.90666246e-02,1.88880547e-02,1.67005061e-02,6.094625e-04,16.6
216,5.14167398e-02,8.90579149e-02,1.88843339e-02,1.67004554e-02,6.063976e-04,16.7
217,5.12677208e-02,8.90611187e-02,1.88814609e-02,1.66993769e-02,6.033284e-04,16.7
218,5.11183776e-02,8.90694708e-02,1.88811219e-02,1.67039833e-02,6.002551e-04,16.8
219,5.09691089e-02,8.91315117e-02,1.88836376e-02,1.67110496e-02,5.971780e-04,16.9
220,5.08198142e-02,8.91178101e-02,1.88815716e-02,1.67117319e-02,5.940970e-04,16.9
221,5.06708398e-02,8.91740993e-02,1.88821346e-02,1.67144785e-02,5.910123e-04,17.0
222,5.05233631e-02,8.91460255e-02,1.88786551e-02,1.67174701e-02,5.879240e-04,17.1
223,5.03787510e-02,8.92478153e-02,1.88785529e-02,1.67194727e-02,5.848323e-04,17.2
224,5.02553694e-02,8.91104117e-02,1.88691932e-02,1.67180059e-02,5.817373e-04,17.2
225,5.01369759e-02,8.95386934e-02,1.88825862e-02,1.67374736e-02,5.786390e-04,17.3
226,5.02361730e-02,8.91754031e-02,1.88651793e-02,1.67300505e-02,5.755377e-04,17.4
227,4.98059839e-02,8.91638622e-02,1.88653162e-02,1.67306882e-02,5.724334e-04,17.5
228,4.96968888e-02,8.97624642e-02,1.88833630e-02,1.67550902e-02,5.693263e-04,17.5
229,4.99376878e-02,8.93202722e-02,1.88605159e-02,1.67477328e-02,5.662164e-04,17.6
230,4.93755490e-02,8.92500654e-02,1.88555533e-02,1.67722471e-02,5.631040e-04,17.7
231,5.00544049e-02,9.91598442e-02,1.90263278e-02,1.71091255e-02,5.599890e-04,17.8
232,5.64933494e-02,9.14878696e-02,1.88428459e-02,1.70272302e-02,5.568718e-04,17.8
233,5.71184456e-02,1.00604892e-01,1.90334840e-02,1.72059829e-02,5.537523e-04,17.9
234,5.55807352e-02,9.57269818e-02,1.89211514e-02,1.71082611e-02,5.506307e-04,18.0
235,5.31040505e-02,9.13551748e-02,1.88556895e-02,1.71245618e-02,5.475071e-04,18.1
236,5.39434291e-02,9.18130949e-02,1.90387802e-02,1.72625208e-02,5.443817e-04,18.1
237,5.46075068e-02,9.34645906e-02,1.89770822e-02,1.71956741e-02,5.412545e-04,18.2
238,5.30546717e-02,9.30265486e-02,1.88618218e-02,1.70357569e-02,5.381257e-04,18.3
239,5.31104729e-02,9.32153091e-02,1.88327945e-02,1.69229826e-02,5.349955e-04,18.4
240,5.29972650e-02,9.25665945e-02,1.89520516e-02,1.70874770e-02,5.318639e-04,18.4
241,5.15652932e-02,9.26557705e-02,1.88986917e-02,1.71350520e-02,5.287310e-04,18.5
242,5.21093048e-02,9.05519575e-02,1.87522485e-02,1.69650835e-02,5.255970e-04,18.6
243,5.10786362e-02,9.08580646e-02,1.88473516e-02,1.69818078e-02,5.224621e-04,18.7
244,5.08026890e-02,9.36686546e-02,1.90805157e-02,1.74060407e-02,5.193262e-04,18.7
245,5.01885675e-02,9.30112153e-02,1.90309419e-02,1.71915958e-02,5.161897e-04,18.8
246,5.00068367e-02,9.00345817e-02,1.87353665e-02,1.67756635e-02,5.130525e-04,18.9
247,4.92175780e-02,9.00295451e-02,1.86473167e-02,1.67383586e-02,5.099148e-04,19.0
248,4.95519005e-02,9.07912776e-02,1.87644806e-02,1.68948559e-02,5.067767e-04,19.0
249,4.88368981e-02,9.32004675e-02,1.89956934e-02,1.72029920e-02,5.036384e-04,19.1
250,4.85837683e-02,9.32996497e-02,1.89930716e-02,1.72875804e-02,5.005000e-04,19.2
251,4.83983047e-02,9.23054144e-02,1.89167911e-02,1.71329815e-02,4.973616e-04,19.3
252,4.82864417e-02,9.18479413e-02,1.88955338e-02,1.70817563e-02,4.942233e-04,19.3
253,4.77914102e-02,9.18819606e-02,1.89120611e-02,1.70990193e-02,4.910852e-04,19.4
254,4.77315895e-02,9.13806111e-02,1.88800449e-02,1.69881664e-02,4.879475e-04,19.5
255,4.74673249e-02,9.13984329e-02,1.88804499e-02,1.69277514e-02,4.848103e-04,19.5
256,4.72961664e-02,9.20863003e-02,1.89655296e-02,1.70204524e-02,4.816738e-04,19.6
257,4.69148979e-02,9.36844125e-02,1.91063657e-02,1.72187864e-02,4.785379e-04,19.7
258,4.69583869e-02,9.41506922e-02,1.91737722e-02,1.72987352e-02,4.754030e-04,19.8
259,4.65495735e-02,9.37191397e-02,1.91296994e-02,1.73080280e-02,4.722690e-04,19.8
260,4.65023592e-02,9.31015834e-02,1.91080493e-02,1.72231639e-02,4.691361e-04,19.9
261,4.61788028e-02,9.33120027e-02,1.91468402e-02,1.72900295e-02,4.660045e-04,20.0
262,4.61794883e-02,9.37229320e-02,1.92420485e-02,1.73586539e-02,4.628743e-04,20.1
263,4.58161607e-02,9.46410447e-02,1.93474007e-02,1.74901912e-02,4.597455e-04,20.1
264,4.57441509e-02,9.47611853e-02,1.93595754e-02,1.74999669e-02,4.566183e-04,20.2
265,4.55442555e-02,9.44720581e-02,1.93255035e-02,1.74374574e-02,4.534929e-04,20.3
266,4.53986488e-02,9.42252725e-02,1.93294202e-02,1.74223357e-02,4.503693e-04,20.3
267,4.52151373e-02,9.41429362e-02,1.93652799e-02,1.74712431e-02,4.472477e-04,20.4
268,4.50567231e-02,9.49969888e-02,1.94932935e-02,1.76431110e-02,4.441282e-04,20.5
269,4.49016578e-02,9.59076509e-02,1.96010164e-02,1.77690956e-02,4.410110e-04,20.6
270,4.47285622e-02,9.58918780e-02,1.95951250e-02,1.77464901e-02,4.378960e-04,20.6
271,4.45893705e-02,9.56875831e-02,1.95861336e-02,1.76847916e-02,4.347836e-04,20.7
272,4.44278717e-02,9.56575498e-02,1.95997701e-02,1.76777775e-02,4.316737e-04,20.8
273,4.42865007e-02,9.60109085e-02,1.96474120e-02,1.77212839e-02,4.285666e-04,20.9
274,4.41079922e-02,9.62877050e-02,1.96832165e-02,1.77642888e-02,4.254623e-04,21.0
275,4.39937711e-02,9.61358920e-02,1.96877588e-02,1.77606880e-02,4.223610e-04,21.0
276,4.38351929e-02,9.67463702e-02,1.97769573e-02,1.78537073e-02,4.192627e-04,21.1
277,4.36858945e-02,9.71664861e-02,1.98456225e-02,1.79196550e-02,4.161677e-04,21.2
278,4.35479172e-02,9.69401151e-02,1.98312331e-02,1.78918963e-02,4.130760e-04,21.2
279,4.34003882e-02,9.68373567e-02,1.98293944e-02,1.78784867e-02,4.099877e-04,21.3
280,4.32683043e-02,9.67038795e-02,1.98426677e-02,1.78726363e-02,4.069030e-04,21.4
281,4.31228764e-02,9.72384959e-02,1.99221914e-02,1.79543671e-02,4.038220e-04,21.5
282,4.29894738e-02,9.77623239e-02,1.99821472e-02,1.80238664e-02,4.007449e-04,21.5
283,4.28518616e-02,9.74797457e-02,1.99602494e-02,1.79984903e-02,3.976716e-04,21.6
284,4.27171998e-02,9.78084803e-02,2.00140325e-02,1.80527580e-02,3.946024e-04,21.7
285,4.25861739e-02,9.78266224e-02,2.00502172e-02,1.80739693e-02,3.915375e-04,21.8
286,4.24494185e-02,9.80224013e-02,2.00771189e-02,1.81012004e-02,3.884768e-04,21.8
287,4.23228778e-02,9.79532748e-02,2.00603408e-02,1.80840409e-02,3.854205e-04,21.9
288,4.21859585e-02,9.80846062e-02,2.00650060e-02,1.81026783e-02,3.823688e-04,22.0
289,4.20645699e-02,9.84831378e-02,2.01319553e-02,1.81635709e-02,3.793217e-04,22.1
290,4.19305339e-02,9.90407541e-02,2.02096779e-02,1.82485700e-02,3.762794e-04,22.1
291,4.18154486e-02,9.81978104e-02,2.01368979e-02,1.81368429e-02,3.732420e-04,22.2
292,4.16981652e-02,9.92226005e-02,2.02377372e-02,1.82805987e-02,3.702097e-04,22.3
293,4.16377895e-02,9.75199714e-02,2.00925555e-02,1.80559553e-02,3.671825e-04,22.4
294,4.17294279e-02,1.00835674e-01,2.04186996e-02,1.85156379e-02,3.641605e-04,22.4
295,4.19534631e-02,9.70903710e-02,2.01160715e-02,1.80647066e-02,3.611439e-04,22.5
296,4.22802679e-02,9.78107005e-02,2.01266547e-02,1.81197974e-02,3.581329e-04,22.6
297,4.12983745e-02,1.01252340e-01,2.05011370e-02,1.85724165e-02,3.551274e-04,22.7
298,4.14001755e-02,9.66340825e-02,2.00783535e-02,1.80226042e-02,3.521277e-04,22.7
299,4.18100804e-02,9.81854796e-02,2.02202817e-02,1.81881729e-02,3.491339e-04,22.8
300,4.07867543e-02,1.02039903e-01,2.05660120e-02,1.86775374e-02,3.461460e-04,22.9
301,4.15947028e-02,9.57964584e-02,1.99744780e-02,1.79083917e-02,3.431642e-04,22.9
302,4.11397368e-02,9.67115909e-02,2.01150409e-02,1.80280410e-02,3.401887e-04,23.0
303,4.07983325e-02,1.01406418e-01,2.06124287e-02,1.86699968e-02,3.372194e-04,23.1
304,4.10763100e-02,9.79650319e-02,2.02622499e-02,1.82275246e-02,3.342566e-04,23.2
305,4.03781272e-02,9.69359875e-02,2.01806096e-02,1.80793595e-02,3.313004e-04,23.2
306,4.07030582e-02,9.95595008e-02,2.04827930e-02,1.84246849e-02,3.283509e-04,23.3
307,4.01377305e-02,1.00739993e-01,2.05742713e-02,1.86182233e-02,3.254081e-04,23.4
308,4.04200442e-02,9.83782038e-02,2.03674183e-02,1.82898514e-02,3.224723e-04,23.5
309,3.99160497e-02,9.88165885e-02,2.04497746e-02,1.83335524e-02,3.195435e-04,23.6
310,4.00771275e-02,1.00405730e-01,2.05811410e-02,1.85724485e-02,3.166218e-04,23.7
311,3.96884978e-02,1.00563563e-01,2.05868147e-02,1.86266398e-02,3.137074e-04,23.7
312,3.97993028e-02,1.00183144e-01,2.06503964e-02,1.85545213e-02,3.108003e-04,23.8
313,3.95437479e-02,1.00606114e-01,2.07349198e-02,1.86236086e-02,3.079008e-04,23.9
314,3.95143107e-02,1.01063736e-01,2.07161374e-02,1.87311363e-02,3.050089e-04,23.9
315,3.93455252e-02,1.00671813e-01,2.06624684e-02,1.86783082e-02,3.021246e-04,24.0
316,3.92446630e-02,1.00526258e-01,2.07118611e-02,1.86219163e-02,2.992482e-04,24.1
317,3.91566865e-02,1.01206064e-01,2.08109735e-02,1.87347942e-02,2.963798e-04,24.2
318,3.89908291e-02,1.02128774e-01,2.08671590e-02,1.89046107e-02,2.935194e-04,24.2
319,3.89306657e-02,1.01361357e-01,2.07945320e-02,1.88023087e-02,2.906672e-04,24.3
320,3.87634598e-02,1.00943334e-01,2.07861255e-02,1.87069070e-02,2.878232e-04,24.4
321,3.87079641e-02,1.01948172e-01,2.09150946e-02,1.88654713e-02,2.849877e-04,24.5
322,3.85454372e-02,1.02301434e-01,2.09302216e-02,1.89595002e-02,2.821607e-04,24.5
323,3.84825468e-02,1.01730801e-01,2.08841066e-02,1.88885679e-02,2.793423e-04,24.6
324,3.83400694e-02,1.01955384e-01,2.09390682e-02,1.88891293e-02,2.765326e-04,24.7
325,3.82610150e-02,1.02334648e-01,2.09909527e-02,1.89522339e-02,2.737317e-04,24.8
326,3.81339528e-02,1.02271378e-01,2.09753678e-02,1.89823117e-02,2.709399e-04,24.8
327,3.80480774e-02,1.02505744e-01,2.10186073e-02,1.90241314e-02,2.681570e-04,24.9
328,3.79334204e-02,1.02657177e-01,2.10646560e-02,1.90253371e-02,2.653834e-04,25.0
329,3.78406309e-02,1.02349512e-01,2.10302133e-02,1.89859182e-02,2.626190e-04,25.0
330,3.77350114e-02,1.02506347e-01,2.10383446e-02,1.90349359e-02,2.598640e-04,25.1
331,3.76418196e-02,1.02800913e-01,2.10912726e-02,1.90822906e-02,2.571186e-04,25.2
332,3.75409387e-02,1.02751970e-01,2.11216545e-02,1.90656203e-02,2.543827e-04,25.3
333,3.74465398e-02,1.02825619e-01,2.11362864e-02,1.90821846e-02,2.516565e-04,25.3
334,3.73531431e-02,1.02754764e-01,2.11164505e-02,1.90938416e-02,2.489402e-04,25.4
335,3.72563787e-02,1.02588154e-01,2.11103123e-02,1.90747396e-02,2.462338e-04,25.5
336,3.71698067e-02,1.02919027e-01,2.11834034e-02,1.91134638e-02,2.435375e-04,25.6
337,3.70718427e-02,1.03180483e-01,2.12320014e-02,1.91581240e-02,2.408512e-04,25.6
338,3.69898081e-02,1.02724381e-01,2.11764097e-02,1.91148064e-02,2.381753e-04,25.7
339,3.68934572e-02,1.02585986e-01,2.11642544e-02,1.91001162e-02,2.355097e-04,25.8
340,3.68135236e-02,1.03047475e-01,2.12386217e-02,1.91550047e-02,2.328545e-04,25.9
341,3.67193297e-02,1.03176795e-01,2.12723054e-02,1.91771088e-02,2.302099e-04,25.9
342,3.66419517e-02,1.02924936e-01,2.12492474e-02,1.91623322e-02,2.275760e-04,26.0
343,3.65486182e-02,1.02917612e-01,2.12564020e-02,1.91718998e-02,2.249529e-04,26.1
344,3.64754088e-02,1.03040852e-01,2.12897984e-02,1.91827385e-02,2.223406e-04,26.2
345,3.63825262e-02,1.03107214e-01,2.13133638e-02,1.91908963e-02,2.197394e-04,26.2
346,3.63120399e-02,1.03119321e-01,2.13221544e-02,1.92086331e-02,2.171492e-04,26.3
347,3.62223126e-02,1.03092983e-01,2.13304810e-02,1.92195384e-02,2.145702e-04,26.4
348,3.61517444e-02,1.03208177e-01,2.13649834e-02,1.92365513e-02,2.120024e-04,26.5
349,3.60668749e-02,1.03454165e-01,2.14109634e-02,1.92705801e-02,2.094461e-04,26.5
350,3.59959230e-02,1.03393607e-01,2.14115758e-02,1.92719738e-02,2.069013e-04,26.6
351,3.59151177e-02,1.03193864e-01,2.13974904e-02,1.92570079e-02,2.043680e-04,26.7
352,3.58449630e-02,1.03386931e-01,2.14396290e-02,1.92912774e-02,2.018465e-04,26.7
353,3.57675813e-02,1.03752665e-01,2.15043724e-02,1.93461844e-02,1.993367e-04,26.8
354,3.56979072e-02,1.03759266e-01,2.15194740e-02,1.93545401e-02,1.968388e-04,26.9
355,3.56248543e-02,1.03617698e-01,2.15108715e-02,1.93449240e-02,1.943529e-04,27.0
356,3.55549008e-02,1.03695072e-01,2.15319952e-02,1.93626531e-02,1.918791e-04,27.0
357,3.54863219e-02,1.03893079e-01,2.15739860e-02,1.93937475e-02,1.894175e-04,27.1
358,3.54166962e-02,1.04021028e-01,2.16060158e-02,1.94180091e-02,1.869682e-04,27.2
359,3.53514887e-02,1.04055673e-01,2.16214566e-02,1.94333893e-02,1.845312e-04,27.3
360,3.52834910e-02,1.04071073e-01,2.16346063e-02,1.94434077e-02,1.821067e-04,27.4
361,3.52203958e-02,1.04186811e-01,2.16633018e-02,1.94626467e-02,1.796948e-04,27.4
362,3.51549722e-02,1.04378082e-01,2.17006757e-02,1.94931772e-02,1.772955e-04,27.5
363,3.50934900e-02,1.04431830e-01,2.17188111e-02,1.95083495e-02,1.749091e-04,27.6
364,3.50309238e-02,1.04381979e-01,2.17241437e-02,1.95096726e-02,1.725354e-04,27.7
365,3.49707901e-02,1.04477465e-01,2.17489233e-02,1.95285594e-02,1.701747e-04,27.8
366,3.49112861e-02,1.04690939e-01,2.17888862e-02,1.95616803e-02,1.678271e-04,27.8
367,3.48524563e-02,1.04784623e-01,2.18126080e-02,1.95787025e-02,1.654926e-04,27.9
368,3.47957648e-02,1.04755484e-01,2.18187877e-02,1.95808138e-02,1.631713e-04,28.0
369,3.47386822e-02,1.04782067e-01,2.18315798e-02,1.95909925e-02,1.608633e-04,28.1
370,3.46841328e-02,1.04899779e-01,2.18579241e-02,1.96117058e-02,1.585687e-04,28.1
371,3.46294232e-02,1.05027467e-01,2.18861772e-02,1.96326857e-02,1.562877e-04,28.2
372,3.45764421e-02,1.05098486e-01,2.19051613e-02,1.96472733e-02,1.540202e-04,28.3
373,3.45243253e-02,1.05101965e-01,2.19140697e-02,1.96536362e-02,1.517664e-04,28.4
374,3.44728678e-02,1.05112724e-01,2.19247228e-02,1.96600359e-02,1.495263e-04,28.4
375,3.44230160e-02,1.05212748e-01,2.19477976e-02,1.96776048e-02,1.473002e-04,28.5
376,3.43734547e-02,1.05348274e-01,2.19749543e-02,1.97000786e-02,1.450879e-04,28.6
377,3.43253724e-02,1.05399400e-01,2.19901178e-02,1.97113251e-02,1.428897e-04,28.7
378,3.42779532e-02,1.05380945e-01,2.19953505e-02,1.97130831e-02,1.407056e-04,28.8
379,3.42314243e-02,1.05405122e-01,2.20057311e-02,1.97204159e-02,1.385358e-04,28.9
380,3.41860466e-02,1.05494924e-01,2.20250818e-02,1.97361436e-02,1.363802e-04,29.0
381,3.41411941e-02,1.05578616e-01,2.20440700e-02,1.97506294e-02,1.342390e-04,29.1
382,3.40975150e-02,1.05616771e-01,2.20566194e-02,1.97592954e-02,1.321122e-04,29.2
383,3.40545252e-02,1.05633825e-01,2.20654642e-02,1.97656153e-02,1.300000e-04,29.3
384,3.40123326e-02,1.05660871e-01,2.20753407e-02,1.97729842e-02,1.279024e-04,29.4
385,3.39711271e-02,1.05710596e-01,2.20884558e-02,1.97827001e-02,1.258195e-04,29.5
386,3.39305177e-02,1.05775110e-01,2.21034165e-02,1.97942380e-02,1.237514e-04,29.6
387,3.38908248e-02,1.05824836e-01,2.21160379e-02,1.98040746e-02,1.216982e-04,29.8
388,3.38518880e-02,1.05841935e-01,2.21241763e-02,1.98095643e-02,1.196600e-04,29.8
389,3.38136069e-02,1.05853118e-01,2.21315146e-02,1.98140333e-02,1.176367e-04,30.0
390,3.37762050e-02,1.05894759e-01,2.21427330e-02,1.98225140e-02,1.156286e-04,30.1
391,3.37394550e-02,1.05958879e-01,2.21566523e-02,1.98339889e-02,1.136357e-04,30.2
392,3.37033905e-02,1.06006056e-01,2.21681304e-02,1.98430295e-02,1.116581e-04,30.3
393,3.36681195e-02,1.06022395e-01,2.21753970e-02,1.98478004e-02,1.096958e-04,30.4
394,3.36334594e-02,1.06033213e-01,2.21818059e-02,1.98518658e-02,1.077489e-04,30.5
395,3.35994959e-02,1.06062904e-01,2.21906969e-02,1.98584828e-02,1.058176e-04,30.6
396,3.35662328e-02,1.06108375e-01,2.22017128e-02,1.98670416e-02,1.039018e-04,30.7
397,3.35335694e-02,1.06152616e-01,2.22124234e-02,1.98752671e-02,1.020017e-04,30.8
398,3.35015841e-02,1.06185064e-01,2.22211958e-02,1.98819357e-02,1.001173e-04,30.8
399,3.34702469e-02,1.06205508e-01,2.22280414e-02,1.98870777e-02,9.824871e-05,30.9
400,3.34394909e-02,1.06220871e-01,2.22341530e-02,1.98914413e-02,9.639601e-05,31.0
401,3.34093831e-02,1.06241882e-01,2.22411481e-02,1.98963589e-02,9.455926e-05,31.1
402,3.33798751e-02,1.06275372e-01,2.22498679e-02,1.99028639e-02,9.273854e-05,31.2
403,3.33509408e-02,1.06315635e-01,2.22593415e-02,1.99103185e-02,9.093392e-05,31.2
404,3.33226211e-02,1.06349342e-01,2.22677058e-02,1.99169233e-02,8.914547e-05,31.3
405,3.32948677e-02,1.06369577e-01,2.22740890e-02,1.99216713e-02,8.737325e-05,31.4
406,3.32676843e-02,1.06383502e-01,2.22795247e-02,1.99255036e-02,8.561735e-05,31.5
407,3.32410596e-02,1.06403396e-01,2.22857236e-02,1.99301181e-02,8.387782e-05,31.5
408,3.32149938e-02,1.06432840e-01,2.22931933e-02,1.99359950e-02,8.215474e-05,31.6
409,3.31894569e-02,1.06465384e-01,2.23010511e-02,1.99422069e-02,8.044818e-05,31.7
410,3.31644714e-02,1.06492817e-01,2.23081335e-02,1.99476398e-02,7.875820e-05,31.8
411,3.31400260e-02,1.06513239e-01,2.23141184e-02,1.99520916e-02,7.708487e-05,31.8
412,3.31160873e-02,1.06530726e-01,2.23195404e-02,1.99561545e-02,7.542826e-05,31.9
413,3.30926739e-02,1.06549524e-01,2.23250369e-02,1.99604087e-02,7.378842e-05,32.0
414,3.30697671e-02,1.06571220e-01,2.23308890e-02,1.99650006e-02,7.216544e-05,32.1
415,3.30473669e-02,1.06594905e-01,2.23370009e-02,1.99697930e-02,7.055936e-05,32.1
416,3.30254510e-02,1.06618851e-01,2.23431062e-02,1.99745778e-02,6.897025e-05,32.2
417,3.30040380e-02,1.06641226e-01,2.23488935e-02,1.99791320e-02,6.739818e-05,32.3
418,3.29831019e-02,1.06660776e-01,2.23541882e-02,1.99832883e-02,6.584321e-05,32.4
419,3.29626426e-02,1.06677629e-01,2.23590170e-02,1.99870321e-02,6.430540e-05,32.4
420,3.29426527e-02,1.06693394e-01,2.23636397e-02,1.99905691e-02,6.278481e-05,32.5
421,3.29231359e-02,1.06710538e-01,2.23683957e-02,1.99942446e-02,6.128150e-05,32.6
422,3.29040736e-02,1.06729999e-01,2.23734225e-02,1.99982180e-02,5.979553e-05,32.6
423,3.28854583e-02,1.06750697e-01,2.23785576e-02,2.00023501e-02,5.832696e-05,32.7
424,3.28673013e-02,1.06770352e-01,2.23834942e-02,2.00063254e-02,5.687584e-05,32.8
425,3.28495763e-02,1.06787473e-01,2.23880227e-02,2.00099175e-02,5.544224e-05,32.9
426,3.28322947e-02,1.06802143e-01,2.23921513e-02,2.00131378e-02,5.402621e-05,32.9
427,3.28154378e-02,1.06816098e-01,2.23961091e-02,2.00162220e-02,5.262780e-05,33.0
428,3.27990055e-02,1.06830828e-01,2.24001052e-02,2.00193815e-02,5.124708e-05,33.1
429,3.27829905e-02,1.06846794e-01,2.24042083e-02,2.00226885e-02,4.988409e-05,33.2
430,3.27673927e-02,1.06863335e-01,2.24083422e-02,2.00260376e-02,4.853889e-05,33.2
431,3.27521972e-02,1.06879368e-01,2.24123590e-02,2.00292849e-02,4.721153e-05,33.3
432,3.27374078e-02,1.06893979e-01,2.24161346e-02,2.00323047e-02,4.590207e-05,33.4
433,3.27230208e-02,1.06907323e-01,2.24196795e-02,2.00351282e-02,4.461055e-05,33.5
434,3.27090174e-02,1.06919780e-01,2.24230492e-02,2.00378132e-02,4.333703e-05,33.5
435,3.26954015e-02,1.06931962e-01,2.24263202e-02,2.00404388e-02,4.208156e-05,33.6
436,3.26821692e-02,1.06944203e-01,2.24295505e-02,2.00430461e-02,4.084419e-05,33.7
437,3.26693095e-02,1.06956661e-01,2.24327589e-02,2.00456477e-02,3.962497e-05,33.8
438,3.26568224e-02,1.06969215e-01,2.24359368e-02,2.00482265e-02,3.842394e-05,33.8
439,3.26447040e-02,1.06981672e-01,2.24390617e-02,2.00507625e-02,3.724115e-05,33.9
440,3.26329395e-02,1.06993794e-01,2.24420950e-02,2.00532270e-02,3.607665e-05,34.0
441,3.26215327e-02,1.07005388e-01,2.24450062e-02,2.00555978e-02,3.493048e-05,34.1
442,3.26104723e-02,1.07016250e-01,2.24477784e-02,2.00578539e-02,3.380269e-05,34.1
443,3.25997546e-02,1.07026376e-01,2.24504025e-02,2.00599855e-02,3.269333e-05,34.2
444,3.25893797e-02,1.07035860e-01,2.24528968e-02,2.00620067e-02,3.160244e-05,34.3
445,3.25793363e-02,1.07044905e-01,2.24552924e-02,2.00639443e-02,3.053006e-05,34.4
446,3.25696170e-02,1.07053742e-01,2.24576152e-02,2.00658267e-02,2.947623e-05,34.4
447,3.25602293e-02,1.07062638e-01,2.24599052e-02,2.00676895e-02,2.844099e-05,34.5
448,3.25511470e-02,1.07071608e-01,2.24621711e-02,2.00695478e-02,2.742440e-05,34.6
449,3.25423814e-02,1.07080601e-01,2.24643987e-02,2.00713834e-02,2.642648e-05,34.7
450,3.25339288e-02,1.07089430e-01,2.24665660e-02,2.00731796e-02,2.544727e-05,34.7
451,3.25257741e-02,1.07097887e-01,2.24686431e-02,2.00748985e-02,2.448682e-05,34.8
452,3.25179063e-02,1.07105836e-01,2.24706192e-02,2.00765286e-02,2.354516e-05,34.9
453,3.25103402e-02,1.07113309e-01,2.24724916e-02,2.00780697e-02,2.262233e-05,34.9
454,3.25030573e-02,1.07120201e-01,2.24742595e-02,2.00795168e-02,2.171837e-05,35.0
455,3.24960463e-02,1.07126698e-01,2.24759368e-02,2.00808865e-02,2.083330e-05,35.1
456,3.24893221e-02,1.07132860e-01,2.24775343e-02,2.00821916e-02,1.996718e-05,35.2
457,3.24828550e-02,1.07138805e-01,2.24790709e-02,2.00834504e-02,1.912002e-05,35.2
458,3.24766636e-02,1.07144691e-01,2.24805699e-02,2.00846842e-02,1.829187e-05,35.3
459,3.24707143e-02,1.07150368e-01,2.24820076e-02,2.00858711e-02,1.748276e-05,35.4
460,3.24650332e-02,1.07155986e-01,2.24834098e-02,2.00870331e-02,1.669271e-05,35.5
461,3.24595906e-02,1.07161388e-01,2.24847532e-02,2.00881468e-02,1.592177e-05,35.5
462,3.24543901e-02,1.07166588e-01,2.24860398e-02,2.00892172e-02,1.516995e-05,35.6
463,3.24494280e-02,1.07171573e-01,2.24872704e-02,2.00902405e-02,1.443729e-05,35.7
464,3.24446931e-02,1.07176237e-01,2.24884330e-02,2.00912037e-02,1.372383e-05,35.7
465,3.24401855e-02,1.07180715e-01,2.24895428e-02,2.00921245e-02,1.302958e-05,35.8
466,3.24358977e-02,1.07184969e-01,2.24905942e-02,2.00929977e-02,1.235457e-05,35.9
467,3.24318223e-02,1.07188858e-01,2.24915726e-02,2.00938082e-02,1.169884e-05,36.0
468,3.24279480e-02,1.07192531e-01,2.24924993e-02,2.00945734e-02,1.106240e-05,36.0
469,3.24242860e-02,1.07196040e-01,2.24933802e-02,2.00953055e-02,1.044529e-05,36.1
470,3.24208178e-02,1.07199334e-01,2.24942089e-02,2.00959946e-02,9.847518e-06,36.2
471,3.24175358e-02,1.07202433e-01,2.24949912e-02,2.00966441e-02,9.269120e-06,36.3
472,3.24144438e-02,1.07205376e-01,2.24957254e-02,2.00972533e-02,8.710115e-06,36.3
473,3.24115269e-02,1.07208133e-01,2.24964197e-02,2.00978295e-02,8.170525e-06,36.4
474,3.24087813e-02,1.07210740e-01,2.24970700e-02,2.00983734e-02,7.650371e-06,36.5
475,3.24062146e-02,1.07213169e-01,2.24976808e-02,2.00988797e-02,7.149674e-06,36.6
476,3.24037969e-02,1.07215442e-01,2.24982487e-02,2.00993516e-02,6.668454e-06,36.6
477,3.24015431e-02,1.07217573e-01,2.24987842e-02,2.00997987e-02,6.206729e-06,36.7
478,3.23994383e-02,1.07219554e-01,2.24992784e-02,2.01002077e-02,5.764518e-06,36.8
479,3.23974751e-02,1.07221425e-01,2.24997485e-02,2.01005993e-02,5.341838e-06,36.8
480,3.23956534e-02,1.07223198e-01,2.25001851e-02,2.01009634e-02,4.938707e-06,36.9
481,3.23939621e-02,1.07224777e-01,2.25005817e-02,2.01012923e-02,4.555139e-06,37.0
482,3.23923938e-02,1.07226253e-01,2.25009468e-02,2.01015988e-02,4.191150e-06,37.1
483,3.23909447e-02,1.07227676e-01,2.25012945e-02,2.01018905e-02,3.846755e-06,37.1
484,3.23896222e-02,1.07228905e-01,2.25016046e-02,2.01021466e-02,3.521967e-06,37.2
485,3.23883966e-02,1.07230067e-01,2.25018904e-02,2.01023867e-02,3.216799e-06,37.3
486,3.23872752e-02,1.07231140e-01,2.25021547e-02,2.01026070e-02,2.931262e-06,37.4
487,3.23862433e-02,1.07232071e-01,2.25023894e-02,2.01028039e-02,2.665369e-06,37.4
488,3.23853157e-02,1.07232936e-01,2.25026066e-02,2.01029845e-02,2.419129e-06,37.5
489,3.23844664e-02,1.07233770e-01,2.25028093e-02,2.01031555e-02,2.192553e-06,37.6
490,3.23836952e-02,1.07234418e-01,2.25029741e-02,2.01032917e-02,1.985649e-06,37.7
491,3.23829912e-02,1.07235126e-01,2.25031454e-02,2.01034345e-02,1.798426e-06,37.7
492,3.23823579e-02,1.07235692e-01,2.25032868e-02,2.01035524e-02,1.630890e-06,37.8
493,3.23817842e-02,1.07236229e-01,2.25034216e-02,2.01036646e-02,1.483049e-06,37.9
494,3.23812626e-02,1.07236750e-01,2.25035473e-02,2.01037719e-02,1.354908e-06,38.0
495,3.23807821e-02,1.07237175e-01,2.25036566e-02,2.01038631e-02,1.246473e-06,38.0
496,3.23803499e-02,1.07237607e-01,2.25037618e-02,2.01039510e-02,1.157747e-06,38.1
497,3.23799513e-02,1.07237995e-01,2.25038581e-02,2.01040298e-02,1.088735e-06,38.2
498,3.23795788e-02,1.07238360e-01,2.25039479e-02,2.01041073e-02,1.039438e-06,38.3
499,3.23792286e-02,1.07238643e-01,2.25040259e-02,2.01041693e-02,1.009860e-06,38.3
500,3.23788933e-02,1.07239008e-01,2.25041101e-02,2.01042429e-02,1.000000e-03,38.4
501,3.23785655e-02,1.07566640e-01,2.25857268e-02,2.01729363e-02,9.999975e-04,38.7
502,3.20563875e-02,1.07973352e-01,2.26759788e-02,2.02544622e-02,9.999901e-04,38.8
503,3.17365713e-02,1.06871240e-01,2.25573638e-02,2.00928114e-02,9.999778e-04,38.9
504,3.15127075e-02,1.30236372e-01,2.48808595e-02,2.26428894e-02,9.999606e-04,39.0
505,5.59830666e-02,2.10718304e-01,3.37120138e-02,3.25862618e-02,9.999384e-04,39.0
506,1.70979723e-01,4.24285740e-01,3.66716343e-02,4.02235604e-02,9.999113e-04,39.1
507,4.22017306e-01,7.93154120e-01,4.03433094e-02,4.34426020e-02,9.998792e-04,39.2
508,7.54339159e-01,5.79818547e-01,3.70087056e-02,4.71427761e-02,9.998423e-04,39.3
509,5.29356897e-01,4.05976087e-01,3.26364897e-02,3.77942006e-02,9.998004e-04,39.3
510,3.73805851e-01,3.27764183e-01,3.03879020e-02,3.46922316e-02,9.997535e-04,39.4
511,3.10655385e-01,3.51799369e-01,3.00637810e-02,3.78539851e-02,9.997018e-04,39.5
512,3.48928094e-01,2.85502702e-01,2.83157184e-02,3.50004072e-02,9.996451e-04,39.6
513,2.89697617e-01,2.49488071e-01,2.75113538e-02,3.31322374e-02,9.995835e-04,39.6
514,2.36894190e-01,2.54871786e-01,2.78065869e-02,3.31386310e-02,9.995170e-04,39.7
515,2.32972920e-01,2.48481736e-01,2.71566877e-02,3.18216078e-02,9.994455e-04,39.8
516,2.32188731e-01,2.27022648e-01,2.59082796e-02,2.92190747e-02,9.993691e-04,39.9
517,2.18090400e-01,2.18071163e-01,2.42818880e-02,2.89165190e-02,9.992878e-04,39.9
518,2.12126046e-01,1.90372393e-01,2.33797149e-02,2.84061884e-02,9.992016e-04,40.0
519,1.89005554e-01,1.67495608e-01,2.30338850e-02,2.59539750e-02,9.991104e-04,40.1
520,1.65662393e-01,1.69004291e-01,2.40102353e-02,2.55153620e-02,9.990144e-04,40.2
521,1.64559171e-01,1.67644188e-01,2.32868884e-02,2.62793677e-02,9.989134e-04,40.2
522,1.66443288e-01,1.66109189e-01,2.28772674e-02,2.64652209e-02,9.988074e-04,40.3
523,1.66333526e-01,1.63250372e-01,2.24558696e-02,2.62842286e-02,9.986966e-04,40.4
524,1.60535425e-01,1.52127534e-01,2.14305575e-02,2.55319652e-02,9.985809e-04,40.5
525,1.51745409e-01,1.45619631e-01,2.14087864e-02,2.46337845e-02,9.984602e-04,40.5
526,1.46320105e-01,1.40767977e-01,2.13569134e-02,2.38874196e-02,9.983346e-04,40.6
527,1.39706045e-01,1.37084082e-01,2.09438758e-02,2.34471655e-02,9.982041e-04,40.7
528,1.36521012e-01,1.35757521e-01,2.05918983e-02,2.32646056e-02,9.980687e-04,40.8
529,1.37058407e-01,1.30729854e-01,2.05265740e-02,2.24425021e-02,9.979284e-04,40.8
530,1.32274106e-01,1.28793910e-01,2.06730855e-02,2.20140218e-02,9.977832e-04,40.9
531,1.31058872e-01,1.23611607e-01,2.01876174e-02,2.13797213e-02,9.976331e-04,41.0
532,1.26944482e-01,1.21401019e-01,2.01922228e-02,2.14186622e-02,9.974780e-04,41.1
533,1.25262752e-01,1.21254273e-01,2.06775583e-02,2.19724501e-02,9.973181e-04,41.2
534,1.23021655e-01,1.21045798e-01,2.09336475e-02,2.22139110e-02,9.971532e-04,41.2
535,1.21861547e-01,1.18049584e-01,2.03932163e-02,2.15388217e-02,9.969835e-04,41.3
536,1.20550700e-01,1.16513036e-01,2.01578469e-02,2.10964151e-02,9.968088e-04,41.4
537,1.18682534e-01,1.16868086e-01,2.01949912e-02,2.09642944e-02,9.966293e-04,41.5
538,1.17671996e-01,1.15196541e-01,1.98259441e-02,2.05251146e-02,9.964449e-04,41.5
539,1.16309322e-01,1.13292918e-01,1.96626722e-02,2.03826498e-02,9.962555e-04,41.6
540,1.15286261e-01,1.11178599e-01,1.95695406e-02,2.02242927e-02,9.960613e-04,41.7
541,1.13240957e-01,1.10920779e-01,1.97231387e-02,2.02509158e-02,9.958622e-04,41.8
542,1.12566814e-01,1.08959727e-01,1.96943044e-02,2.01685551e-02,9.956582e-04,41.8
543,1.11279719e-01,1.07845552e-01,1.96690400e-02,2.01354893e-02,9.954493e-04,41.9
544,1.10462189e-01,1.07049502e-01,1.95768505e-02,1.99259881e-02,9.952355e-04,42.0
545,1.09085537e-01,1.07106350e-01,1.95850772e-02,1.98884805e-02,9.950168e-04,42.1
546,1.08692788e-01,1.06614642e-01,1.94111966e-02,1.98033140e-02,9.947933e-04,42.1
547,1.08011246e-01,1.06335625e-01,1.93416019e-02,1.97736472e-02,9.945648e-04,42.2
548,1.07360594e-01,1.06204726e-01,1.94289266e-02,1.98143519e-02,9.943315e-04,42.3
549,1.06647007e-01,1.05736695e-01,1.93868757e-02,1.97705591e-02,9.940934e-04,42.4
550,1.05939962e-01,1.04986206e-01,1.92770307e-02,1.96539040e-02,9.938503e-04,42.5
551,1.05266586e-01,1.04491100e-01,1.92747246e-02,1.95394463e-02,9.936024e-04,42.5
552,1.04297109e-01,1.04366019e-01,1.93141088e-02,1.94722454e-02,9.933496e-04,42.6
553,1.03770219e-01,1.03357129e-01,1.91926666e-02,1.93252101e-02,9.930920e-04,42.7
554,1.03080444e-01,1.02590419e-01,1.91270044e-02,1.92375250e-02,9.928295e-04,42.8
555,1.02557667e-01,1.02078237e-01,1.91245554e-02,1.91610720e-02,9.925621e-04,42.8
556,1.01922013e-01,1.01744317e-01,1.91160837e-02,1.90986207e-02,9.922899e-04,42.9
557,1.01511821e-01,1.01161711e-01,1.90199600e-02,1.89617210e-02,9.920128e-04,43.0
558,1.01035841e-01,1.00868501e-01,1.89821605e-02,1.88552292e-02,9.917309e-04,43.1
559,1.00361787e-01,1.00916550e-01,1.89988739e-02,1.88263766e-02,9.914441e-04,43.1
560,9.98111963e-02,1.00662515e-01,1.89375491e-02,1.87695972e-02,9.911525e-04,43.2
561,9.93275642e-02,1.00543506e-01,1.89191063e-02,1.87460284e-02,9.908560e-04,43.3
562,9.89620313e-02,1.00519277e-01,1.89716746e-02,1.87403493e-02,9.905547e-04,43.4
563,9.83970314e-02,1.00341238e-01,1.89778590e-02,1.86913876e-02,9.902486e-04,43.4
564,9.78580788e-02,9.98021886e-02,1.88802069e-02,1.85636848e-02,9.899376e-04,43.5
565,9.73409191e-02,9.94525403e-02,1.88432318e-02,1.84844562e-02,9.896218e-04,43.6
566,9.68070477e-02,9.92206559e-02,1.88373380e-02,1.84370852e-02,9.893012e-04,43.7
567,9.63348299e-02,9.87572744e-02,1.87708242e-02,1.83570655e-02,9.889757e-04,43.7
568,9.58144441e-02,9.85036492e-02,1.87473960e-02,1.83141829e-02,9.886454e-04,43.8
569,9.53078866e-02,9.84932631e-02,1.87692376e-02,1.82904369e-02,9.883103e-04,43.9
570,9.47510749e-02,9.85039175e-02,1.87768496e-02,1.82696769e-02,9.879704e-04,44.0
571,9.42405313e-02,9.84458253e-02,1.87572559e-02,1.82347248e-02,9.876257e-04,44.0
572,9.37526450e-02,9.85053927e-02,1.87597588e-02,1.82014706e-02,9.872762e-04,44.1
573,9.31929499e-02,9.85292643e-02,1.87577761e-02,1.81643978e-02,9.869218e-04,44.2
574,9.26274657e-02,9.83028337e-02,1.87127184e-02,1.80964207e-02,9.865627e-04,44.3
575,9.20231342e-02,9.80844498e-02,1.87052827e-02,1.80501781e-02,9.861988e-04,44.3
576,9.14171115e-02,9.79012102e-02,1.87351085e-02,1.80252341e-02,9.858301e-04,44.4
577,9.07968581e-02,9.76705253e-02,1.87310382e-02,1.79796826e-02,9.854565e-04,44.5
578,9.01359320e-02,9.76942778e-02,1.87302306e-02,1.79436515e-02,9.850782e-04,44.6
579,8.94706249e-02,9.80247408e-02,1.87586572e-02,1.79298425e-02,9.846952e-04,44.6
580,8.87783319e-02,9.81860310e-02,1.87548904e-02,1.78981827e-02,9.843073e-04,44.7
581,8.80546942e-02,9.79932249e-02,1.87275236e-02,1.78530452e-02,9.839147e-04,44.8
582,8.72699469e-02,9.78213921e-02,1.87324743e-02,1.78302082e-02,9.835172e-04,44.9
583,8.64488930e-02,9.78312865e-02,1.87364125e-02,1.78138187e-02,9.831151e-04,44.9
584,8.56210217e-02,9.78803411e-02,1.87146927e-02,1.77851258e-02,9.827081e-04,45.0
585,8.47304016e-02,9.79428738e-02,1.87219856e-02,1.77746335e-02,9.822964e-04,45.1
586,8.37735906e-02,9.79158059e-02,1.87452627e-02,1.77720055e-02,9.818800e-04,45.2
587,8.27575773e-02,9.77924839e-02,1.87388579e-02,1.77473510e-02,9.814588e-04,45.3
588,8.16510022e-02,9.77770314e-02,1.87396064e-02,1.77265908e-02,9.810328e-04,45.3
589,8.04760233e-02,9.76915881e-02,1.87552386e-02,1.77134135e-02,9.806021e-04,45.4
590,7.92193487e-02,9.74270105e-02,1.87532567e-02,1.76905671e-02,9.801667e-04,45.5
591,7.78646618e-02,9.73252356e-02,1.87591059e-02,1.76784760e-02,9.797265e-04,45.6
592,7.64492080e-02,9.71240625e-02,1.87792773e-02,1.76792308e-02,9.792816e-04,45.6
593,7.49590471e-02,9.66838896e-02,1.87760624e-02,1.76669438e-02,9.788320e-04,45.7
594,7.34271854e-02,9.64319184e-02,1.87704767e-02,1.76541290e-02,9.783777e-04,45.8
595,7.18890429e-02,9.60721895e-02,1.87767680e-02,1.76479260e-02,9.779186e-04,45.9
596,7.03825578e-02,9.56302807e-02,1.87613951e-02,1.76264522e-02,9.774548e-04,45.9
597,6.89527765e-02,9.54643637e-02,1.87458249e-02,1.76034233e-02,9.769864e-04,46.0
598,6.76293597e-02,9.52508524e-02,1.87507697e-02,1.75902774e-02,9.765132e-04,46.1
599,6.64111227e-02,9.50485915e-02,1.87492894e-02,1.75691439e-02,9.760353e-04,46.2
600,6.53080568e-02,9.49124917e-02,1.87480150e-02,1.75490524e-02,9.755527e-04,46.2
601,6.43078610e-02,9.48017836e-02,1.87433985e-02,1.75276151e-02,9.750655e-04,46.3
602,6.33947179e-02,9.46285054e-02,1.87318028e-02,1.74987127e-02,9.745735e-04,46.4
603,6.25471249e-02,9.44514871e-02,1.87357451e-02,1.74836098e-02,9.740769e-04,46.5
604,6.17587753e-02,9.44580138e-02,1.87284277e-02,1.74578355e-02,9.735756e-04,46.6
605,6.10259920e-02,9.43898410e-02,1.87293246e-02,1.74399913e-02,9.730696e-04,46.6
606,6.03506155e-02,9.44836438e-02,1.87321892e-02,1.74231743e-02,9.725590e-04,46.7
607,5.97217232e-02,9.43692550e-02,1.87384063e-02,1.74123461e-02,9.720437e-04,46.8
608,5.91377541e-02,9.44087356e-02,1.87360607e-02,1.73970223e-02,9.715238e-04,46.9
609,5.85911721e-02,9.39874575e-02,1.87432350e-02,1.73891124e-02,9.709992e-04,46.9
610,5.80797046e-02,9.43239927e-02,1.87529100e-02,1.73862296e-02,9.704699e-04,47.0
611,5.76151311e-02,9.32765901e-02,1.87660107e-02,1.73836850e-02,9.699361e-04,47.1
612,5.72677739e-02,9.57599431e-02,1.87877677e-02,1.74143604e-02,9.693976e-04,47.2
613,5.75585440e-02,9.30561423e-02,1.89114830e-02,1.75308093e-02,9.688544e-04,47.2
614,5.84756806e-02,1.00118071e-01,1.90414212e-02,1.77392825e-02,9.683067e-04,47.3
615,6.24503568e-02,1.00806303e-01,2.00882207e-02,1.88223397e-02,9.677543e-04,47.4
616,7.94210881e-02,2.02295437e-01,1.93450493e-02,1.85252010e-02,9.671973e-04,47.5
617,1.21322878e-01,1.15164362e-01,2.09809616e-02,2.04016526e-02,9.666357e-04,47.5
618,9.44887400e-02,1.11713260e-01,2.11994349e-02,2.04360819e-02,9.660695e-04,47.6
619,7.74792209e-02,1.18590511e-01,2.07839681e-02,2.03396197e-02,9.654987e-04,47.7
620,7.91575313e-02,1.20063022e-01,1.97450654e-02,1.94701475e-02,9.649234e-04,47.8
621,7.48446062e-02,1.25329509e-01,2.01839487e-02,1.97783112e-02,9.643434e-04,47.8
622,7.85625428e-02,1.15025856e-01,1.95178517e-02,1.87240395e-02,9.637589e-04,47.9
623,6.53405413e-02,1.09382130e-01,2.03889000e-02,1.98508467e-02,9.631697e-04,48.0
624,7.66939968e-02,9.93490443e-02,1.93531354e-02,1.87691350e-02,9.625761e-04,48.1
625,6.70939833e-02,1.05108291e-01,1.96460855e-02,1.91215372e-02,9.619778e-04,48.1
626,7.57111832e-02,1.00975357e-01,1.90634031e-02,1.82598703e-02,9.613750e-04,48.2
627,6.84988722e-02,1.02851562e-01,1.98886971e-02,1.88052703e-02,9.607677e-04,48.3
628,6.30282760e-02,1.09362878e-01,2.01918684e-02,1.90628839e-02,9.601558e-04,48.4
629,6.89341053e-02,1.00680672e-01,1.90637335e-02,1.79188918e-02,9.595394e-04,48.4
630,5.92372306e-02,9.87235978e-02,1.90378921e-02,1.80012548e-02,9.589184e-04,48.5
631,6.16979674e-02,9.68997106e-02,1.90512672e-02,1.78845922e-02,9.582930e-04,48.6
632,6.24802634e-02,9.54208449e-02,1.88073757e-02,1.75869907e-02,9.576630e-04,48.7
633,5.89955971e-02,9.82334390e-02,1.90088680e-02,1.78896751e-02,9.570285e-04,48.8
634,5.92284873e-02,1.00346744e-01,1.90287115e-02,1.77641617e-02,9.563894e-04,48.8
635,6.00520633e-02,9.40433666e-02,1.88116174e-02,1.74659866e-02,9.557459e-04,48.9
636,5.54422252e-02,9.48751792e-02,1.88826628e-02,1.77306226e-02,9.550979e-04,49.0
637,5.98532334e-02,9.51740071e-02,1.88445564e-02,1.75961307e-02,9.544454e-04,49.1
638,5.65333590e-02,9.77221131e-02,1.89474572e-02,1.75078821e-02,9.537885e-04,49.1
639,5.50662279e-02,9.85099226e-02,1.93740924e-02,1.79791379e-02,9.531270e-04,49.2
640,5.64107932e-02,9.61965695e-02,1.94020533e-02,1.79920626e-02,9.524611e-04,49.3
641,5.56837432e-02,9.32041258e-02,1.89842109e-02,1.74520483e-02,9.517907e-04,49.4
642,5.35029359e-02,9.47752893e-02,1.91589752e-02,1.77025941e-02,9.511159e-04,49.4
643,5.46648465e-02,9.34429318e-02,1.89057188e-02,1.74288258e-02,9.504366e-04,49.5
644,5.31198271e-02,9.43835154e-02,1.90721685e-02,1.75392756e-02,9.497529e-04,49.6
645,5.30910939e-02,9.56649408e-02,1.91721706e-02,1.76092089e-02,9.490648e-04,49.7
646,5.31590581e-02,9.49224532e-02,1.90615400e-02,1.75060993e-02,9.483722e-04,49.7
647,5.22903316e-02,9.23403949e-02,1.89351344e-02,1.73429865e-02,9.476752e-04,49.8
648,5.14412485e-02,9.19610038e-02,1.89505036e-02,1.73217480e-02,9.469738e-04,49.9
649,5.22700772e-02,9.19096321e-02,1.89783657e-02,1.73155495e-02,9.462680e-04,50.0
650,5.13547026e-02,9.32307616e-02,1.90735691e-02,1.74139551e-02,9.455578e-04,50.0
651,5.04265055e-02,9.46683213e-02,1.91888546e-02,1.75153361e-02,9.448432e-04,50.1
652,5.08656688e-02,9.34545472e-02,1.91974637e-02,1.74866013e-02,9.441242e-04,50.2
653,5.04982919e-02,9.24976245e-02,1.90454864e-02,1.73332823e-02,9.434008e-04,50.3
654,4.98104095e-02,9.30346698e-02,1.90863827e-02,1.74105644e-02,9.426730e-04,50.3
655,4.99716438e-02,9.25023854e-02,1.90521468e-02,1.73336613e-02,9.419409e-04,50.4
656,4.94785532e-02,9.19869244e-02,1.90527583e-02,1.72750704e-02,9.412045e-04,50.5
657,4.91530336e-02,9.24346298e-02,1.91388659e-02,1.73524564e-02,9.404637e-04,50.6
658,4.91981469e-02,9.28198546e-02,1.91454185e-02,1.73632850e-02,9.397185e-04,50.6
659,4.87836562e-02,9.25802663e-02,1.91228043e-02,1.73303742e-02,9.389690e-04,50.7
660,4.84313369e-02,9.20228511e-02,1.90813046e-02,1.72631930e-02,9.382152e-04,50.8
661,4.84925173e-02,9.20408741e-02,1.90938226e-02,1.72598186e-02,9.374570e-04,50.9
662,4.81445901e-02,9.27165672e-02,1.91575866e-02,1.73298787e-02,9.366946e-04,50.9
663,4.78727296e-02,9.27622765e-02,1.91833691e-02,1.73391219e-02,9.359278e-04,51.0
664,4.78655845e-02,9.19513926e-02,1.91405249e-02,1.72503118e-02,9.351568e-04,51.1
665,4.75841500e-02,9.15828943e-02,1.90853066e-02,1.71849845e-02,9.343814e-04,51.2
666,4.73620296e-02,9.19091702e-02,1.90999971e-02,1.72235360e-02,9.336018e-04,51.2
667,4.73147593e-02,9.20010731e-02,1.91255277e-02,1.72377378e-02,9.328179e-04,51.3
668,4.70652878e-02,9.19067264e-02,1.91462976e-02,1.72231543e-02,9.320297e-04,51.4
669,4.68585454e-02,9.20850635e-02,1.91786866e-02,1.72476040e-02,9.312373e-04,51.5
670,4.67934012e-02,9.21240076e-02,1.91830988e-02,1.72570393e-02,9.304406e-04,51.6
671,4.65841778e-02,9.18081477e-02,1.91575574e-02,1.72182731e-02,9.296397e-04,51.6
672,4.64314334e-02,9.13449675e-02,1.91135192e-02,1.71435753e-02,9.288346e-04,51.7
673,4.63365354e-02,9.12266448e-02,1.91123174e-02,1.71242362e-02,9.280252e-04,51.8
674,4.61664908e-02,9.15244296e-02,1.91561625e-02,1.71782300e-02,9.272116e-04,51.9
675,4.59820777e-02,9.18312445e-02,1.91938231e-02,1.72284891e-02,9.263938e-04,51.9
676,4.59208749e-02,9.15138647e-02,1.91614182e-02,1.71741253e-02,9.255717e-04,52.0
677,4.57476899e-02,9.11620632e-02,1.91198122e-02,1.71108462e-02,9.247455e-04,52.1
678,4.56110537e-02,9.11073759e-02,1.91115035e-02,1.71020563e-02,9.239151e-04,52.2
679,4.55046520e-02,9.11734253e-02,1.91267307e-02,1.71172877e-02,9.230805e-04,52.3
680,4.53756750e-02,9.11111981e-02,1.91367056e-02,1.71132068e-02,9.222418e-04,52.3
681,4.52222936e-02,9.10853520e-02,1.91520371e-02,1.71175246e-02,9.213989e-04,52.4
682,4.51324470e-02,9.10960734e-02,1.91600844e-02,1.71250593e-02,9.205518e-04,52.5
683,4.49984111e-02,9.10686776e-02,1.91574514e-02,1.71222935e-02,9.197006e-04,52.6
684,4.48704548e-02,9.08889696e-02,1.91370171e-02,1.70890701e-02,9.188453e-04,52.7
685,4.47669625e-02,9.07423869e-02,1.91220657e-02,1.70575977e-02,9.179858e-04,52.7
686,4.46542054e-02,9.08048972e-02,1.91340929e-02,1.70643994e-02,9.171222e-04,52.8
687,4.45248596e-02,9.09596384e-02,1.91579396e-02,1.70917300e-02,9.162545e-04,53.0
688,4.44229394e-02,9.09195617e-02,1.91580709e-02,1.70870066e-02,9.153827e-04,53.1
689,4.43165302e-02,9.06903744e-02,1.91336325e-02,1.70483623e-02,9.145067e-04,53.2
690,4.41952422e-02,9.05450135e-02,1.91180871e-02,1.70249679e-02,9.136267e-04,53.3
691,4.40941676e-02,9.05663967e-02,1.91246149e-02,1.70325147e-02,9.127427e-04,53.4
692,4.39893343e-02,9.06354412e-02,1.91393774e-02,1.70456640e-02,9.118545e-04,53.5
693,4.38780561e-02,9.06391740e-02,1.91463510e-02,1.70423035e-02,9.109623e-04,53.6
694,4.37726192e-02,9.06212255e-02,1.91489724e-02,1.70351098e-02,9.100661e-04,53.7
695,4.36753519e-02,9.06065553e-02,1.91491066e-02,1.70325978e-02,9.091658e-04,53.8
696,4.35666777e-02,9.05680805e-02,1.91461904e-02,1.70278617e-02,9.082615e-04,54.0
697,4.34673689e-02,9.04747471e-02,1.91390233e-02,1.70120052e-02,9.073531e-04,54.1
698,4.33670245e-02,9.04228166e-02,1.91388805e-02,1.70035252e-02,9.064407e-04,54.2
