evaluation,iteration,point_index,phi_applied,target_observable,simulated_observable,target_flux,simulated_flux,point_objective,dJ_dkappa0,dJ_dkappa1,converged,steps_taken,final_relative_change,final_absolute_change,diagnostics_valid,reason
1,0,0,0.0,-0.1496004012259144,0.39003445016059063,-0.1496004012259144,0.39003445016059063,0.1456028864154688,0.08750911200709592,-0.06087157420287376,1,10,0.0004032229553950754,0.00015733428449482556,1,
1,0,1,0.002857142857142857,-0.28925152810378163,0.20000864606077073,-0.28925152810378163,0.20000864606077073,0.11968775901176297,0.07472668502486744,-0.05586769267041939,1,20,0.00022026104533784827,4.405411345795307e-05,1,
1,0,2,0.005714285714285714,-0.3863183491020452,0.013256971442160318,-0.3863183491020452,0.013256971442160318,0.07983021839399744,0.05811300490143397,-0.04672203871579897,1,35,0.00018863073155996816,2.500672221404307e-06,1,
1,0,3,0.008571428571428572,-0.5227530409855006,-0.17178655068420426,-0.5227530409855006,-0.17178655068420426,0.06158873865721112,0.04848715119276766,-0.04194595909904156,1,26,0.00021877247791696392,3.75903931094379e-05,1,
1,0,4,0.011428571428571429,-0.5500566689625342,-0.35508222134410367,-0.5500566689625342,-0.35508222134410367,0.019007517612052927,0.02546028751306567,-0.023739040959440252,1,25,0.00018490917404264504,6.567010327052092e-05,1,
1,0,5,0.014285714285714285,-0.8164404349155597,-0.5369613815611008,-0.8164404349155597,-0.5369613815611008,0.03905427063195875,0.03431545096593782,-0.034560385666499834,1,24,0.00019793415272755703,0.0001063040373062707,1,
1,0,6,0.017142857142857144,-1.042292932903442,-0.7177204914003025,-1.042292932903442,-0.7177204914003025,0.05267363489164367,0.03725346324835118,-0.040643661679233375,1,23,0.00022888691574246027,0.0001643144390669482,1,
1,0,7,0.02,-0.9927629686079807,-0.897496229768655,-0.9927629686079807,-0.897496229768655,0.004537875764544077,0.010150724125356942,-0.01204326227422339,1,23,0.00021311858159984854,0.00019131389602566884,1,
1,0,8,0.022857142857142857,-1.1087580017302918,-1.0767357288414563,-1.1087580017302918,-1.0767357288414563,0.0005127129804844496,0.0031430157844521897,-0.004074210169378769,1,23,0.00020213588271157982,0.00021769093014478713,1,
1,0,9,0.025714285714285714,-1.241795384041408,-1.255826508839721,-1.241795384041408,-1.255826508839721,9.843623155356083e-05,-0.0012571725530289909,0.0017908415565709756,1,23,0.00019379842538500455,0.00024342437523050542,1,
1,0,10,0.02857142857142857,-1.3190212698837942,-1.4352166003739995,-1.3190212698837942,-1.4352166003739995,0.006750677413869584,-0.009401987771662634,0.014824252761632533,1,23,0.000187039646969014,0.00026849262502381954,1,
1,0,11,0.03142857142857143,-1.4378496857557015,-1.6154318622909658,-1.4378496857557015,-1.6154318622909658,0.015767714711496,-0.012807573812841318,0.022554421330485595,1,23,0.0001812646930783385,0.0002928738483953808,1,
1,0,12,0.03428571428571429,-1.5824291944202276,-1.7974148293889725,-1.5824291944202276,-1.7974148293889725,0.023109411621474972,-0.013602887447090728,0.02705184621435089,1,22,0.00022727106203821403,0.0004085932386177493,1,
1,0,13,0.037142857142857144,-1.6745626808282497,-1.9813109268580098,-1.6745626808282497,-1.9813109268580098,0.04704724322115078,-0.01666440451215718,0.038011644197756114,1,22,0.00022126289618893105,0.00043848761496700916,1,
1,0,14,0.04,-1.8360948888499704,-2.168338059359564,-1.8360948888499704,-2.168338059359564,0.05519276217516082,-0.015062571199116729,0.04023380855952466,1,22,0.00021553875420461373,0.00046746164010835756,1,
2,0,0,0.0,-0.1496004012259144,0.3192928759576327,-0.1496004012259144,0.3192928759576327,0.10993045269396437,0.07895472666916148,-0.05062490052248407,1,14,0.000162948098316412,5.202816694327428e-05,1,
2,0,1,0.002857142857142857,-0.28925152810378163,0.1318408203849571,-0.28925152810378163,0.1318408203849571,0.08865938297787976,0.06743328494494315,-0.04651023058118041,1,24,0.00020400142495246649,2.6895715225433436e-05,1,
2,0,2,0.005714285714285714,-0.3863183491020452,-0.05324360243958985,-0.3863183491020452,-0.05324360243958985,0.055469393432125355,0.050815097696363075,-0.0377109322956305,1,30,0.00020916358898951352,1.1138952840349103e-05,1,
2,0,3,0.008571428571428572,-0.5227530409855006,-0.23638070411907802,-0.5227530409855006,-0.23638070411907802,0.04100455766117292,0.04147332628154313,-0.03314268668289782,1,26,0.00018610300730864204,4.3999348317336207e-05,1,
2,0,4,0.011428571428571429,-0.5500566689625342,-0.41772187318854764,-0.5500566689625342,-0.41772187318854764,0.00875624908626924,0.018106976131351152,-0.015606012233777175,1,24,0.0002269186901348893,9.481041455972061e-05,1,
2,0,5,0.014285714285714285,-0.8164404349155597,-0.5973704755319702,-0.8164404349155597,-0.5973704755319702,0.02399582355216889,0.028162958169889625,-0.026242113122770375,1,24,0.00019501419630204252,0.00011651844593152383,1,
2,0,6,0.017142857142857144,-1.042292932903442,-0.7758495583811402,-1.042292932903442,-0.7758495583811402,0.03549603591340692,0.03200060085314877,-0.03232748999594212,1,23,0.00022831676145345658,0.0001771799116883077,1,
2,0,7,0.02,-0.9927629686079807,-0.9532139594499129,-0.9927629686079807,-0.9532139594499129,0.0007820620626940945,0.004406941934808915,-0.004845552764383958,1,23,0.00021387778816799846,0.00020391490616711305,1,
2,0,8,0.022857142857142857,-1.1087580017302918,-1.1299239648052106,-1.1087580017302918,-1.1299239648052106,0.00022399899644380214,-0.00217139910010162,0.0026108043590912363,1,23,0.00020351695088809897,0.0002300054900685744,1,
2,0,9,0.025714285714285714,-1.241795384041408,-1.3063684649101204,-1.241795384041408,-1.3063684649101204,0.0020848413864416027,-0.006044266866073427,0.007993310843150686,1,23,0.00019548852596093817,0.0002554299791972525,1,
2,0,10,0.02857142857142857,-1.3190212698837942,-1.4829946940935859,-1.3190212698837942,-1.4829946940935859,0.01344364192355001,-0.0138550790013921,0.020298549043488417,1,23,0.0001888836413358424,0.00028016635674377177,1,
2,0,11,0.03142857142857143,-1.4378496857557015,-1.6603247086906407,-1.4378496857557015,-1.6603247086906407,0.02474756791494475,-0.01675006430474315,0.027432052738961432,1,23,0.000183179110846703,0.0003041925255711231,1,
2,0,12,0.03428571428571429,-1.5824291944202276,-1.8393039798688136,-1.5824291944202276,-1.8393039798688136,0.032992327699649764,-0.0169649784786762,0.031401081049331515,1,22,0.00022976215537814484,0.0004226995671738898,1,
2,0,13,0.037142857142857144,-1.6745626808282497,-2.020041712964249,-1.6745626808282497,-2.020041712964249,0.059677880822795,-0.019592488608364798,0.04162573194591732,1,22,0.00022375298665377292,0.0004520915232695266,1,
2,0,14,0.04,-1.8360948888499704,-2.203744693081929,-1.8360948888499704,-2.203744693081929,0.06758318927592914,-0.01740891278108344,0.04333727370512696,1,22,0.00021800584663949282,0.00048053398681124904,1,
3,1,0,0.0,-0.1496004012259144,0.1457262468560523,-0.1496004012259144,0.1457262468560523,0.043608914533665506,0.058102232636394996,-0.030950679496591856,1,24,0.00022413825493985224,3.266282666924969e-05,1,
3,1,1,0.002857142857142857,-0.28925152810378163,-0.034788948461499714,-0.28925152810378163,-0.034788948461499714,0.03237560221910177,0.0477780535326279,-0.02745659052458269,1,32,0.0002242143549425353,7.801930943338031e-06,1,
3,1,2,0.005714285714285714,-0.3863183491020452,-0.21284537304528844,-0.3863183491020452,-0.21284537304528844,0.015046436710991944,0.03098609010214397,-0.019214140028458414,1,26,0.00022835391703630083,4.861517612383959e-05,1,
3,1,3,0.008571428571428572,-0.5227530409855006,-0.3884590283829435,-0.5227530409855006,-0.3884590283829435,0.009017440910450236,0.02271498498422506,-0.015216650927168354,1,25,0.00020606817220708258,8.006554091588569e-05,1,
3,1,4,0.011428571428571429,-0.5500566689625342,-0.5619944900937625,-0.5500566689625342,-0.5619944900937625,7.125578668079156e-05,-0.0019029282854689702,0.0013794742534181134,1,24,0.00022223552839702244,0.00012492290476995294,1,
3,1,5,0.014285714285714285,-0.8164404349155597,-0.7336142784946207,-0.8164404349155597,-0.7336142784946207,0.003430086093734862,0.012373960188154903,-0.009731152665006123,1,24,0.00019987978032949089,0.00014666397599538694,1,
3,1,6,0.017142857142857144,-1.042292932903442,-0.903706236731169,-1.042292932903442,-0.903706236731169,0.009603136177968343,0.01928903247057601,-0.016507192596176237,1,24,0.00018569017337708766,0.00016784053411844635,1,
3,1,7,0.02,-0.9927629686079807,-1.0727908875634025,-0.9927629686079807,-1.0727908875634025,0.003202233906164477,-0.010310182564573587,0.009636512151895786,1,23,0.00022558220532997467,0.0002420571380574721,1,
3,1,8,0.022857142857142857,-1.1087580017302918,-1.2408770200739074,-1.1087580017302918,-1.2408770200739074,0.008727717504036506,-0.015629497304733845,0.016034892148726426,1,23,0.0002158487676608991,0.00026789960140050084,1,
3,1,9,0.025714285714285714,-1.241795384041408,-1.40854243842606,-1.241795384041408,-1.40854243842606,0.013902290072986725,-0.01795034413556501,0.020334388403215414,1,23,0.00020796199588174631,0.0002929842263637017,1,
3,1,10,0.02857142857142857,-1.3190212698837942,-1.5762543455494906,-1.3190212698837942,-1.5762543455494906,0.033084427608229286,-0.02493027672655752,0.0314120581707729,1,23,0.00020125160035521078,0.00031728756423876625,1,
3,1,11,0.03142857142857143,-1.4378496857557015,-1.744553239474494,-1.4378496857557015,-1.744553239474494,0.04703353493185969,-0.026416189198940374,0.037360350031521036,1,23,0.00019530504660725975,0.0003407866090889833,1,
3,1,12,0.03428571428571429,-1.5824291944202276,-1.914073432506146,-1.5824291944202276,-1.914073432506146,0.05499395032782205,-0.024978405798566042,0.04011547546942232,1,23,0.00018985174629527037,0.00036345918706004454,1,
3,1,13,0.037142857142857144,-1.6745626808282497,-2.0855699550340185,-1.6745626808282497,-2.0855699550340185,0.08446348972500614,-0.026513733692952648,0.04909194146884522,1,23,0.0001847040331915847,0.0003852843457705646,1,
3,1,14,0.04,-1.8360948888499704,-2.2603609482190685,-1.8360948888499704,-2.2603609482190685,0.0900008445663266,-0.02281646263062547,0.049683122098016334,1,22,0.00023193681248909458,0.0005243825370189192,1,
4,2,0,0.0,-0.1496004012259144,0.11871616657480917,-0.1496004012259144,0.11871616657480917,0.035996890278180704,0.055663494607138604,-0.02916963818909512,1,26,0.00019926453643748622,2.3655921900164745e-05,1,
4,2,1,0.002857142857142857,-0.28925152810378163,-0.0587229897617103,-0.28925152810378163,-0.0587229897617103,0.02657170349506541,0.0456149195052186,-0.025823093453541307,1,31,0.00019171573214575523,1.1260279748730173e-05,1,
4,2,2,0.005714285714285714,-0.3863183491020452,-0.2336479748627437,-0.3863183491020452,-0.2336479748627437,0.011654121585182335,0.02871262998965492,-0.01756470652782343,1,26,0.0002266544037851074,5.296934817414223e-05,1,
4,2,3,0.008571428571428572,-0.5227530409855006,-0.4061249640933319,-0.5227530409855006,-0.4061249640933319,0.006801054159784853,0.02075077534362086,-0.013733872350753986,1,25,0.00021137981997545525,8.586477187760844e-05,1,
4,2,4,0.011428571428571429,-0.5500566689625342,-0.5765273994403515,-0.5500566689625342,-0.5765273994403515,0.00035034978601504707,-0.00443413647766562,0.003180562731545821,1,24,0.00022985253845370985,0.00013254675245699676,1,
4,2,5,0.014285714285714285,-0.8164404349155597,-0.7450196256916833,-0.8164404349155597,-0.7450196256916833,0.002550465995098339,0.011200931139919636,-0.008729437643458427,1,24,0.00020749508670256747,0.00015461999471722,1,
4,2,6,0.017142857142857144,-1.042292932903442,-0.9120054682563378,-1.042292932903442,-0.9120054682563378,0.008487411722080885,0.019014915622022364,-0.01615212102076107,1,24,0.00019305245025769214,0.00017609888661684892,1,
4,2,7,0.02,-0.9927629686079807,-1.0780252979368288,-0.9927629686079807,-1.0780252979368288,0.0036348324012869574,-0.011504637301073255,0.010690985783705554,1,23,0.00023431466526878308,0.00025265633792259656,1,
4,2,8,0.022857142857142857,-1.1087580017302918,-1.243083972873804,-1.1087580017302918,-1.243083972873804,0.009021733261819943,-0.016621748552473285,0.016984212413107425,1,23,0.00022422142667977735,0.0002787885722519423,1,
4,2,9,0.025714285714285714,-1.241795384041408,-1.4077825879487642,-1.241795384041408,-1.4077825879487642,0.013775875930498754,-0.018664962639011497,0.02109742275358056,1,23,0.0002159855022747267,0.0003041263162268937,1,
4,2,10,0.02857142857142857,-1.3190212698837942,-1.5726063034300695,-1.3190212698837942,-1.5726063034300695,0.03215268461934494,-0.02563336341900117,0.03228966475668834,1,23,0.00020893764121880887,0.0003286453179820459,1,
4,2,11,0.03142857142857143,-1.4378496857557015,-1.7381175914492464,-1.4378496857557015,-1.7381175914492464,0.045080407594785515,-0.026928415125019662,0.03815442816745478,1,23,0.00020266204698038333,0.0003523218712473408,1,
4,2,12,0.03428571428571429,-1.5824291944202276,-1.904978317009776,-1.5824291944202276,-1.904978317009776,0.05201896824167043,-0.02524668467833479,0.04071240432402508,1,23,0.00019688381481140356,0.0003751332558523668,1,
4,2,13,0.037142857142857144,-1.6745626808282497,-2.0739789250733587,-1.6745626808282497,-2.0739789250733587,0.07976666808341301,-0.026716471424080013,0.04979430802894274,1,23,0.00019141089901762557,0.0003970581718535371,1,
4,2,14,0.04,-1.8360948888499704,-2.246078005544706,-1.8360948888499704,-2.246078005544706,0.08404307798739838,-0.022779527303481817,0.050113858603849114,1,23,0.00018610188216787674,0.00041807714927211137,1,
5,2,0,0.0,-0.1496004012259144,-0.012302406937843412,-0.1496004012259144,-0.012302406937843412,0.009425369617763872,0.036543352461702885,-0.01757453463982098,1,38,0.00021083692790589727,2.5943486691264173e-06,1,
5,2,1,0.002857142857142857,-0.28925152810378163,-0.17479109119701108,-0.28925152810378163,-0.17479109119701108,0.006550595808444146,0.028938044700106136,-0.015148332427324246,1,28,0.00021652848380871188,3.785544674264618e-05,1,
5,2,2,0.005714285714285714,-0.3863183491020452,-0.33453060804356155,-0.3863183491020452,-0.33453060804356155,0.0013409850619696476,0.012381652573528293,-0.0070590946022265465,1,26,0.00022914661227896112,7.667412515283134e-05,1,
5,2,3,0.008571428571428572,-0.5227530409855006,-0.491851276915522,-0.5227530409855006,-0.491851276915522,0.00047745951131885153,0.006953566799351772,-0.004323047607912933,1,25,0.0002374346221470785,0.00011681025688620172,1,
5,2,4,0.011428571428571429,-0.5500566689625342,-0.6470095423364306,-0.5500566689625342,-0.6470095423364306,0.004699929827728951,-0.02042475023113588,0.013874530555008171,1,25,0.00020972854656444998,0.0001357248363001995,1,
5,2,5,0.014285714285714285,-0.8164404349155597,-0.8004321609748498,-0.8164404349155597,-0.8004321609748498,0.00012813241728077933,0.0031394271267182815,-0.0023362713985409025,1,25,0.00019241641190655826,0.0001540459253536186,1,
5,2,6,0.017142857142857144,-1.042292932903442,-0.9526609840633776,-1.042292932903442,-0.9526609840633776,0.004016943126430978,0.016264591825019752,-0.013301376493598303,1,24,0.00022942854833326787,0.00021861778378817753,1,
5,2,7,0.02,-0.9927629686079807,-1.1037700900545977,-0.9927629686079807,-1.1037700900545977,0.00616129050592741,-0.018500751303415126,0.016700771748551023,1,24,0.00021788981042512488,0.0002405526696505067,1,
5,2,8,0.022857142857142857,-1.1087580017302918,-1.2543563244371432,-1.1087580017302918,-1.2543563244371432,0.010599435787520012,-0.022104525339304654,0.02214045393944408,1,24,0.00020859498212631792,0.0002617070258483789,1,
5,2,9,0.025714285714285714,-1.241795384041408,-1.4049190661659205,-1.241795384041408,-1.4049190661659205,0.013304667834937008,-0.022343741885202415,0.02499221747693738,1,24,0.00020072419934421477,0.00028205787053980913,1,
5,2,10,0.02857142857142857,-1.3190212698837942,-1.55603210786544,-1.3190212698837942,-1.55603210786544,0.028087068660392345,-0.028956818622672135,0.03645708238535985,1,24,0.00019377788517403852,0.0003015830512509421,1,
5,2,11,0.03142857142857143,-1.4378496857557015,-1.7083667306033372,-1.4378496857557015,-1.7083667306033372,0.036589735776541434,-0.029070990214211362,0.041606983303852374,1,24,0.000187431549150007,0.0003202618500079968,1,
5,2,12,0.03428571428571429,-1.5824291944202276,-1.8630605683235186,-1.5824291944202276,-1.8630605683235186,0.03937698400944756,-0.026081326028274027,0.042946462933239886,1,23,0.00023217437810483122,0.0004326553803160049,1,
5,2,13,0.037142857142857144,-1.6745626808282497,-2.0204245275071613,-1.6745626808282497,-2.0204245275071613,0.05981020849405505,-0.027159463217242545,0.05233559735593314,1,23,0.00022504424535957902,0.0004547872603546388,1,
5,2,14,0.04,-1.8360948888499704,-2.1819793526845195,-1.8360948888499704,-2.1819793526845195,0.05981803116108531,-0.02224916513457952,0.051323381709151024,1,23,0.00021802518372257158,0.0004758301922129782,1,
6,3,0,0.0,-0.1496004012259144,2.2134760323794937e-13,-0.1496004012259144,2.2134760323794937e-13,0.01119014002351071,0.1346402537066076,-0.13464018408018533,1,5,1.6456326234736058e-07,1.6456326234736056e-14,1,
6,3,1,0.002857142857142857,-0.28925152810378163,-2.1964148678716396e-07,-0.28925152810378163,-2.1964148678716396e-07,0.04183315972357418,0.2302240543989128,-0.2937555018487513,1,5,0.00023438059415610725,5.147970217450627e-11,1,
6,3,2,0.005714285714285714,-0.3863183491020452,-4.4427309329514386e-07,-0.3863183491020452,-4.4427309329514386e-07,0.07462076179571087,0.27098695685953933,-0.4426173142801732,1,5,0.00036696365647657367,1.6303207878974395e-10,1,
6,3,3,0.008571428571428572,-0.5227530409855006,-6.795508395920362e-07,-0.5227530409855006,-6.795508395920362e-07,0.13663501569276637,0.3213961402789269,-0.6766324024794511,1,5,0.0005493981732408796,3.733439898961707e-10,1,
6,3,4,0.011428571428571429,-0.5500566689625342,-9.324652417149882e-07,-0.5500566689625342,-9.324652417149882e-07,0.1512806566267806,0.29400744601618345,-0.8069145005272876,1,5,0.0008017746452817187,7.476269884135667e-10,1,
6,3,5,0.014285714285714285,-0.8164404349155597,-1.2133809894986655e-06,-0.8164404349155597,-1.2133809894986655e-06,0.3332865012300066,0.3750012581603231,-1.365651338705961,1,6,0.0006573380221930696,7.976014598037226e-10,1,
6,3,6,0.017142857142857144,-1.042292932903442,-1.5359105371219782e-06,-1.042292932903442,-1.5359105371219782e-06,0.5431856781226759,0.40407356730597904,-2.0049368150866296,1,6,0.0009492131548453223,1.4579064865017265e-09,1,
6,3,7,0.02,-0.9927629686079807,-1.9258505977146467e-06,-0.9927629686079807,-1.9258505977146467e-06,0.4927872440084042,0.31581611332091997,-2.227721182167789,1,6,0.0014271926973517515,2.7485599092488494e-09,1,
6,3,8,0.022857142857142857,-1.1087580017302918,-2.4355214166443913e-06,-1.1087580017302918,-2.4355214166443913e-06,0.6146694527996138,0.27522130201850553,-2.9756112900372527,1,6,0.002395511938602158,5.83432063029288e-09,1,
6,3,9,0.025714285714285714,-1.241795384041408,-3.2238340907461972e-06,-1.241795384041408,-3.2238340907461972e-06,0.7710238845761206,0.21395960558362365,-4.217272271843074,1,7,0.0032855207095736612,1.0591973669376205e-08,1,
6,3,10,0.02857142857142857,-1.3190212698837942,-1.472917419967702e-05,-1.3190212698837942,-1.472917419967702e-05,0.8698891272172824,-0.06711637059527159,-19.35997159004066,1,34,0.004121521826488333,6.070661295011766e-08,1,
6,3,11,0.03142857142857143,-1.4378496857557015,-2.0452322105495075e-05,-1.4378496857557015,-2.0452322105495075e-05,1.0336764522581607,-0.11015904713033739,-29.29603894302511,1,22,0.0027048747829274255,5.5320970315462777e-08,1,
6,3,12,0.03428571428571429,-1.5824291944202276,-2.61821536491169e-05,-1.5824291944202276,-2.61821536491169e-05,1.2519996466150398,-0.14201774884355933,-41.287235255145504,1,25,0.0025209552585833974,6.600403792277973e-08,1,
6,3,13,0.037142857142857144,-1.6745626808282497,nan,-1.6745626808282497,nan,1000000000.0,0.0,0.0,0,1,nan,nan,0,"Error: error code 91
[0] SNESSolve() at /Users/jakeweinstein/Desktop/ResearchForwardSolverClone/FireDrakeEnvCG/petsc/src/snes/interface/snes.c:4906
[0] SNESSolve_NEWTONLS() at /Users/jakeweinstein/Desktop/ResearchForwardSolverClone/FireDrakeEnvCG/petsc/src/snes/impls/ls/ls.c:253
[0] SNESSolve has not converged due to DIVERGED_LINE_SEARCH. Suggest running with -snes_linesearch_monitor"
6,3,14,0.04,-1.8360948888499704,nan,-1.8360948888499704,nan,1000000000.0,0.0,0.0,0,1,nan,nan,0,"Error: error code 91
[0] SNESSolve() at /Users/jakeweinstein/Desktop/ResearchForwardSolverClone/FireDrakeEnvCG/petsc/src/snes/interface/snes.c:4906
[0] SNESSolve_NEWTONLS() at /Users/jakeweinstein/Desktop/ResearchForwardSolverClone/FireDrakeEnvCG/petsc/src/snes/impls/ls/ls.c:253
[0] SNESSolve has not converged due to DIVERGED_LINE_SEARCH. Suggest running with -snes_linesearch_monitor"
7,3,0,0.0,-0.1496004012259144,-0.012302406946176871,-0.1496004012259144,-0.012302406946176871,0.009425369616619704,0.03654335246101992,-0.017574534639605552,1,38,0.00021083692778256047,2.594348669365809e-06,1,
7,3,1,0.002857142857142857,-0.28925152810378163,-0.17479109120230174,-0.28925152810378163,-0.17479109120230174,0.006550595807838576,0.028938044699956707,-0.015148332427368651,1,28,0.00021652848381374616,3.785544674467234e-05,1,
7,3,2,0.005714285714285714,-0.3863183491020452,-0.334530608045843,-0.3863183491020452,-0.334530608045843,0.0013409850618514962,0.012381652573479042,-0.007059094602267179,1,26,0.00022914661228685284,7.667412515599548e-05,1,
7,3,3,0.008571428571428572,-0.5227530409855006,-0.4918512769148371,-0.5227530409855006,-0.4918512769148371,0.000477459511340016,0.006953566799777286,-0.004323047608226747,1,25,0.00023743462215654651,0.00011681025689069813,1,
7,3,4,0.011428571428571429,-0.5500566689625342,-0.6470095423328281,-0.5500566689625342,-0.6470095423328281,0.004699929827379683,-0.020424750231151406,0.013874530555200442,1,25,0.0002097285465731644,0.00013572483630508447,1,
7,3,5,0.014285714285714285,-0.8164404349155597,-0.8004321609683916,-0.8164404349155597,-0.8004321609683916,0.00012813241738416343,0.003139427128100089,-0.0023362713996040144,1,25,0.0001924164119139337,0.00015404592535828154,1,
7,3,6,0.017142857142857144,-1.042292932903442,-0.9526609840541411,-1.042292932903442,-0.9526609840541411,0.004016943127258863,0.016264591827273092,-0.013301376495662454,1,24,0.0002294285483425974,0.0002186177837949499,1,
7,3,7,0.02,-0.9927629686079807,-1.103770090042662,-0.9927629686079807,-1.103770090042662,0.006161290504602453,-0.018500751302057923,0.016700771747634756,1,24,0.00021788981043391515,0.00024055266965761213,1,
7,3,8,0.022857142857142857,-1.1087580017302918,-1.2543563244226057,-1.1087580017302918,-1.2543563244226057,0.010599435785403379,-0.022104525337821233,0.022140453938409924,1,24,0.00020859498213422024,0.0002617070258552623,1,
7,3,9,0.025714285714285714,-1.241795384041408,-1.4049190661488966,-1.241795384041408,-1.4049190661488966,0.01330466783216,-0.022343741883567286,0.02499221747566759,1,24,0.00020072419935186002,0.0002820578705471366,1,
7,3,10,0.02857142857142857,-1.3190212698837942,-1.5560321078460664,-1.3190212698837942,-1.5560321078460664,0.028087068655800587,-0.028956818621156826,0.03645708238434801,1,24,0.0001937778851815859,0.0003015830512589357,1,
7,3,11,0.03142857142857143,-1.4378496857557015,-1.7083667305817798,-1.4378496857557015,-1.7083667305817798,0.03658973577070978,-0.029070990212692226,0.041606983302795164,1,24,0.00018743154915756873,0.00032026185001687857,1,
7,3,12,0.03428571428571429,-1.5824291944202276,-1.8630605682999917,-1.5824291944202276,-1.8630605682999917,0.03937698400284516,-0.02608132602674159,0.04294646293198098,1,23,0.00023217437811217019,0.0004326553803242206,1,
7,3,13,0.037142857142857144,-1.6745626808282497,-2.02042452748191,-1.6745626808282497,-2.02042452748191,0.05981020848532157,-0.027159463215862642,0.052335597354965575,1,23,0.00022504424536744412,0.00045478726036485284,1,
7,3,14,0.04,-1.8360948888499704,-2.1819793526578732,-1.8360948888499704,-2.1819793526578732,0.05981803115186879,-0.02224916513327611,0.05132338170797602,1,23,0.0002180251837295057,0.00047583019222230405,1,
8,3,0,0.0,-0.1496004012259144,-0.08471929518537587,-0.1496004012259144,-0.08471929518537587,0.0021047789605219375,0.02682665150426374,-0.014211424453830508,1,32,0.00023384200481212217,1.9815563543523762e-05,1,
8,3,1,0.002857142857142857,-0.28925152810378163,-0.21099932147991649,-0.28925152810378163,-0.21099932147991649,0.0030617039207518682,0.03030764160282224,-0.01789923803850612,1,29,0.0002252962872502266,4.754807614676393e-05,1,
8,3,2,0.005714285714285714,-0.3863183491020452,-0.33511881908967606,-0.3863183491020452,-0.33511881908967606,0.0013106959367431225,0.018484810736058142,-0.012174366877904307,1,28,0.00021140449509644463,7.086060499739144e-05,1,
8,3,3,0.008571428571428572,-0.5227530409855006,-0.4575747343317304,-0.5227530409855006,-0.4575747343317304,0.0021241058291275937,0.021823181865061027,-0.016046029169062857,1,27,0.00022364156071516574,0.00010235561870008958,1,
8,3,4,0.011428571428571429,-0.5500566689625342,-0.5788230866034448,-0.5500566689625342,-0.5788230866034448,0.00041375339194610913,-0.008882281416351863,0.007304882836788735,1,26,0.0002498789105743372,0.00014467183273569884,1,
8,3,5,0.014285714285714285,-0.8164404349155597,-0.6991768248656713,-0.8164404349155597,-0.6991768248656713,0.006875377120968877,0.03317428204479411,-0.03060468551874099,1,26,0.00023111405033509664,0.00016162694215238194,1,
8,3,6,0.017142857142857144,-1.042292932903442,-0.8192306192520001,-1.042292932903442,-0.8192306192520001,0.024878397885759695,0.05740605990360074,-0.05963197813249919,1,26,0.00021725486969565992,0.00017802051726056867,1,
8,3,7,0.02,-0.9927629686079807,-0.9395263719311638,-0.9927629686079807,-0.9395263719311638,0.0014170676128672291,0.012361249417827895,-0.014528888498978878,1,26,0.00020625531259491292,0.0001938222824092728,1,
8,3,8,0.022857142857142857,-1.1087580017302918,-1.060887796679623,-1.1087580017302918,-1.060887796679623,0.0011457782657979176,0.00993548679661147,-0.013291547262624673,1,25,0.000246253108613487,0.0002613112665341699,1,
8,3,9,0.025714285714285714,-1.241795384041408,-1.183629795552477,-1.241795384041408,-1.183629795552477,0.0016916178421291542,0.010664256729935742,-0.01636797200273097,1,25,0.00023639322741273843,0.00027986822638581543,1,
8,3,10,0.02857142857142857,-1.3190212698837942,-1.3088112078520884,-1.3190212698837942,-1.3088112078520884,5.212268334515074e-05,0.0016304062284908227,-0.0028992822391652943,1,25,0.00022735447021244573,0.000297631746677407,1,
8,3,11,0.03142857142857143,-1.4378496857557015,-1.4375063565554067,-1.4378496857557015,-1.4375063565554067,5.893746989698105e-08,4.690596892089819e-05,-9.785553365088014e-05,1,25,0.00021877792540518637,0.0003145634779890827,1,
8,3,12,0.03428571428571429,-1.5824291944202276,-1.5710942800800891,-1.5824291944202276,-1.5710942800800891,6.424014154820182e-05,0.0012942611830763077,-0.0032198109463073385,1,25,0.00021040112064971885,0.0003306295620055799,1,
8,3,13,0.037142857142857144,-1.6745626808282497,-1.7114113676769984,-1.6745626808282497,-1.7114113676769984,0.0006789128612366112,-0.003405107355811299,0.010326683037305854,1,25,0.00020201614569482986,0.00034580258590199975,1,
8,3,14,0.04,-1.8360948888499704,-1.861370116493711,-1.8360948888499704,-1.861370116493711,0.00031941856622354437,-0.0018044653774327182,0.006877833377933141,1,24,0.0002441060478070338,0.0004544826446055694,1,
9,4,0,0.0,-0.1496004012259144,-0.3883673434484831,-0.1496004012259144,-0.3883673434484831,0.02850482634915724,-0.2175374865202737,0.11111263765645922,1,25,0.00026188427012853487,0.00010173394079959763,1,
9,4,1,0.002857142857142857,-0.28925152810378163,-0.4257116011199089,-0.28925152810378163,-0.4257116011199089,0.009310675763783697,-0.11027378171218934,0.06811815343643322,1,25,0.0002728483319203796,0.00011618640151056514,1,
9,4,2,0.005714285714285714,-0.3863183491020452,-0.4649828331338844,-0.3863183491020452,-0.4649828331338844,0.0030940505239986965,-0.05628969870863947,0.04189891878297358,1,25,0.00028303593492480197,0.00013164411091404205,1,
9,4,3,0.008571428571428572,-0.5227530409855006,-0.5064781721619491,-0.5227530409855006,-0.5064781721619491,0.0001324356776121889,0.010282849766327283,-0.00920570582570512,1,25,0.0002923976356905102,0.00014813633478305555,1,
9,4,4,0.011428571428571429,-0.5500566689625342,-0.5504022484357858,-0.5500566689625342,-0.5504022484357858,5.9712586171967e-08,-0.00019197110670020508,0.00020662168122791301,1,26,0.00025125063809151393,0.00013832367003685508,1,
9,4,5,0.014285714285714285,-0.8164404349155597,-0.5974248692485398,-0.8164404349155597,-0.5974248692485398,0.023983909002227473,0.10637398103332102,-0.1378951309098567,1,26,0.00025700828771208905,0.00015358261468700896,1,
9,4,6,0.017142857142857144,-1.042292932903442,-0.6479231041957593,-1.042292932903442,-0.6479231041957593,0.0777637808974504,0.16621404005904764,-0.2604105046058425,1,26,0.00026180082314081806,0.0001696712220760066,1,
9,4,7,0.02,-0.9927629686079807,-0.7025303113922533,-0.9927629686079807,-0.7025303113922533,0.04211749765726293,0.10510062242928321,-0.20014752173577624,1,26,0.0002655178567108686,0.00018658388390824232,1,
9,4,8,0.022857142857142857,-1.1087580017302918,-0.7620743585184242,-1.1087580017302918,-0.7620743585184242,0.06009477423533677,0.10645594708283124,-0.24852035764761518,1,26,0.00026802698364320203,0.00020431125255426785,1,
9,4,9,0.025714285714285714,-1.241795384041408,-0.8276804901534127,-1.241795384041408,-0.8276804901534127,0.08574557266991376,0.10592573785189556,-0.3068654099263885,1,26,0.00026916807087597026,0.00022284514363368757,1,
9,4,10,0.02857142857142857,-1.3190212698837942,-0.9009541858789752,-1.3190212698837942,-0.9009541858789752,0.08739004336412612,0.08688834150065848,-0.31786678050638084,1,26,0.00026874289832409397,0.0002421901260467596,1,
9,4,11,0.03142857142857143,-1.4378496857557015,-0.9843368376671858,-1.4378496857557015,-0.9843368376671858,0.10283695169069103,0.07383183381817007,-0.349830098833667,1,26,0.00026649469575972147,0.0002623904717481418,1,
9,4,12,0.03428571428571429,-1.5824291944202276,-1.0818877120940167,-1.5824291944202276,-1.0818877120940167,0.1252708877646189,0.060220209518069695,-0.38378198760762433,1,26,0.0002620621683378866,0.0002835961595539782,1,
9,4,13,0.037142857142857144,-1.6745626808282497,-1.2013419704294919,-1.6745626808282497,-1.2013419704294919,0.11196892037517771,0.03787050131162965,-0.34375384395972786,1,26,0.000254854164092898,0.00030624505149012826,1,
9,4,14,0.04,-1.8360948888499704,-1.3613957388285454,-1.8360948888499704,-1.3613957388285454,0.11266964151549248,0.01991920757568256,-0.272637871745727,1,26,0.00024357267200419595,0.0003316795858445687,1,
10,4,0,0.0,-0.1496004012259144,-0.11674054673948757,-0.1496004012259144,-0.11674054673948757,0.0005398850184346409,0.014821529964359478,-0.007797416961358577,1,31,0.00023714348765392464,2.7690827103743487e-05,1,
10,4,1,0.002857142857142857,-0.28925152810378163,-0.23543647576054028,-0.28925152810378163,-0.23543647576054028,0.001448029929352784,0.022651809363947742,-0.013365251776598072,1,29,0.000221175809534549,5.2084372923644207e-05,1,
10,4,2,0.005714285714285714,-0.3863183491020452,-0.35213996113891927,-0.3863183491020452,-0.35213996113891927,0.0005840811018785607,0.013360613056264426,-0.008842668158835467,1,28,0.00021661594972552478,7.62956589750452e-05,1,
10,4,3,0.008571428571428572,-0.5227530409855006,-0.4673551295949928,-0.5227530409855006,-0.4673551295949928,0.0015344642932162463,0.020008174865843623,-0.014868537805247242,1,27,0.00023274995495527843,0.00010880220907061311,1,
10,4,4,0.011428571428571429,-0.5500566689625342,-0.5815603241068669,-0.5500566689625342,-0.5815603241068669,0.0004962401437270248,-0.010453360342053662,0.008737948412935724,1,26,0.0002617196949717889,0.00015224563631444088,1,
10,4,5,0.014285714285714285,-0.8164404349155597,-0.6950827190690357,-0.8164404349155597,-0.6950827190690357,0.00736384759774566,0.036752703339135565,-0.03465568508424452,1,26,0.0002435977691530311,0.00016936185591232,1,
10,4,6,0.017142857142857144,-1.042292932903442,-0.8085462228795975,-1.042292932903442,-0.8085462228795975,0.02731876222347784,0.06414214158335138,-0.06848600095679623,1,26,0.0002299399190855395,0.00018595981265012718,1,
10,4,7,0.02,-0.9927629686079807,-0.9225184023167672,-0.9927629686079807,-0.9225184023167672,0.0024671495467232414,0.017319883362065653,-0.021043536345761976,1,26,0.00021892102597013694,0.00020200289779315206,1,
10,4,8,0.022857142857142857,-1.1087580017302918,-1.0376451732071188,-1.1087580017302918,-1.0376451732071188,0.002528517190285158,0.015599983699954594,-0.021704572466573757,1,26,0.00020951879532790012,0.0002174517268920262,1,
10,4,9,0.025714285714285714,-1.241795384041408,-1.1549179830826937,-1.241795384041408,-1.1549179830826937,0.003773841398666615,0.016761594674605248,-0.02691182344013329,1,25,0.00025087786780810705,0.000289816069526605,1,
10,4,10,0.02857142857142857,-1.3190212698837942,-1.2748084068780614,-1.3190212698837942,-1.2748084068780614,0.0009773886275797272,0.00739046203878953,-0.013836321232598797,1,25,0.00024151459521771221,0.0003079592130119657,1,
10,4,11,0.03142857142857143,-1.4378496857557015,-1.3986922445838297,-1.4378496857557015,-1.3986922445838297,0.0007666525995653789,0.005565774683751792,-0.012310448495592187,1,25,0.00023251539378121695,0.00032529311368456604,1,
10,4,12,0.03428571428571429,-1.5824291944202276,-1.528079233211792,-1.5824291944202276,-1.528079233211792,0.0014769591416747322,0.006408167120967175,-0.01703500236320734,1,25,0.00022361474714239444,0.00034177747783248336,1,
10,4,13,0.037142857142857144,-1.6745626808282497,-1.665020097487826,-1.6745626808282497,-1.665020097487826,4.553044840497434e-05,0.0009016026338038749,-0.0029486817317651865,1,25,0.00021459429128549372,0.00035738049961153706,1,
10,4,14,0.04,-1.8360948888499704,-1.8124404953212372,-1.8360948888499704,-1.8124404953212372,0.00027976516660413415,0.0017006456961852258,-0.007076046229529819,1,25,0.0002052509198608695,0.00037208144891742734,1,
11,4,0,0.0,-0.1496004012259144,-0.08774804810197154,-0.1496004012259144,-0.08774804810197154,0.0019128567934845904,0.025786604346107495,-0.013651358683657515,1,32,0.00022858793318718067,2.0062731055064953e-05,1,
11,4,1,0.002857142857142857,-0.28925152810378163,-0.21332519349701953,-0.28925152810378163,-0.21332519349701953,0.002882404143408831,0.02964096349048995,-0.01750335735352068,1,29,0.0002248807169226179,4.798351301807391e-05,1,
11,4,2,0.005714285714285714,-0.3863183491020452,-0.3367541406180105,-0.3863183491020452,-0.3367541406180105,0.001228305381323826,0.01803079084873365,-0.01188019504884168,1,28,0.00021194717173206472,7.138921841598478e-05,1,
11,4,3,0.008571428571428572,-0.5227530409855006,-0.45853465686864425,-0.5227530409855006,-0.45853465686864425,0.0020620004292911786,0.02165827028071766,-0.015939607706468732,1,27,0.00022455754421404022,0.00010299054378704042,1,
11,4,4,0.011428571428571429,-0.5500566689625342,-0.5791249138705306,-0.5500566689625342,-0.5791249138705306,0.00042248143101609466,-0.009037676050894079,0.007443451213245743,1,26,0.0002510520710144925,0.00014542701875752684,1,
11,4,5,0.014285714285714285,-0.8164404349155597,-0.698839216872976,-0.8164404349155597,-0.698839216872976,0.006915023242552401,0.03348851333245963,-0.03095525243530792,1,26,0.00023233271916908618,0.00016240094657160586,1,
11,4,6,0.017142857142857144,-1.042292932903442,-0.818275082770996,-1.042292932903442,-0.818275082770996,0.02509199858897406,0.05800988557328819,-0.06040871682138386,1,26,0.00021848070587230964,0.00017881638561167978,1,
11,4,7,0.02,-0.9927629686079807,-0.9379768930086819,-0.9927629686079807,-0.9379768930086819,0.0015007570397882995,0.012795155062776174,-0.015084076065802083,1,26,0.00020747007745675414,0.00019464252114409497,1,
11,4,8,0.022857142857142857,-1.1087580017302918,-1.0587721932410514,-1.1087580017302918,-1.0587721932410514,0.0012492905251629512,0.010430854079634464,-0.014003686423630953,1,25,0.00024766086052700623,0.00026228138931472245,1,
11,4,9,0.025714285714285714,-1.241795384041408,-1.1809780733481983,-1.241795384041408,-1.1809780733481983,0.0018493726399744057,0.011206039898394594,-0.01727009854777406,1,25,0.00023777274776391055,0.0002808711850623702,1,
11,4,10,0.02857142857142857,-1.3190212698837942,-1.3056594894412457,-1.3190212698837942,-1.3056594894412457,8.926858829679551e-05,0.0021432939142934735,-0.0038292321672427515,1,25,0.00022869751254511264,0.0002986693824109654,1,
11,4,11,0.03142857142857143,-1.4378496857557015,-1.433898465552267,-1.4378496857557015,-1.433898465552267,7.806070548122936e-06,0.0005419442499098937,-0.0011366484937780214,1,25,0.0002200765975692418,0.00031563695986669416,1,
11,4,12,0.03428571428571429,-1.5824291944202276,-1.5670858293650591,-1.5824291944202276,-1.5670858293650591,0.00011770942560681438,0.0017576524537948654,-0.004399140714610549,1,25,0.00021164716941332704,0.0003317394917372596,1,
11,4,13,0.037142857142857144,-1.6745626808282497,-1.7070769724691637,-1.6745626808282497,-1.7070769724691637,0.0005285895804534728,-0.00301164840334949,0.009196520491044346,1,25,0.0002032003636625547,0.00034694916180155744,1,
11,4,14,0.04,-1.8360948888499704,-1.8568180070187812,-1.8360948888499704,-1.8568180070187812,0.00021472381332095954,-0.0014810786625040165,0.0056900116694563775,1,24,0.0002454433697689165,0.00045585555541394207,1,
12,5,0,0.0,-0.1496004012259144,-0.7283780722789687,-0.1496004012259144,-0.7283780722789687,0.16749179625479757,-0.527680948598453,0.146838627608541,1,26,0.00026733847296853467,0.0001947755525856243,1,
12,5,1,0.002857142857142857,-0.28925152810378163,-0.7900466809116737,-0.28925152810378163,-0.7900466809116737,0.12539789253794112,-0.40665163943297267,0.13363013384862593,1,26,0.0002675351878614247,0.0002114218499813525,1,
12,5,2,0.005714285714285714,-0.3863183491020452,-0.852591747776595,-0.3863183491020452,-0.852591747776595,0.10870544115576347,-0.3368282730635318,0.13017934964500766,1,26,0.00026688706110541196,0.00022760645110364575,1,
12,5,3,0.008571428571428572,-0.5227530409855006,-0.9163437099310255,-0.5227530409855006,-0.9163437099310255,0.07745680734048602,-0.2524404243762236,0.11445731913071072,1,26,0.00026539983057693556,0.00024326202706670408,1,
12,5,4,0.011428571428571429,-0.5500566689625342,-0.981640887563752,-0.5500566689625342,-0.981640887563752,0.09313246887281881,-0.24506569774867337,0.13020243534733977,1,26,0.00026308778435856265,0.000258325688477945,1,
12,5,5,0.014285714285714285,-0.8164404349155597,-1.0488463391709977,-0.8164404349155597,-1.0488463391709977,0.027006252166388477,-0.11638504466134555,0.07247103353382953,1,26,0.0002599699859307016,0.00027273947211448046,1,
12,5,6,0.017142857142857144,-1.042292932903442,-1.118365762486599,-1.042292932903442,-1.118365762486599,0.0028935377003965553,-0.03343096057392199,0.02443499193012152,1,26,0.0002560678665986224,0.00028645088574408284,1,
12,5,7,0.02,-0.9927629686079807,-1.1906687136368217,-0.9927629686079807,-1.1906687136368217,0.01958334195770215,-0.0758381839906035,0.06525906175914523,1,26,0.0002514034607238105,0.00029941350877615847,1,
12,5,8,0.022857142857142857,-1.1087580017302918,-1.2663159731863414,-1.1087580017302918,-1.2663159731863414,0.012412257184668114,-0.05222470136539545,0.053152106097219425,1,26,0.00024599785462985264,0.0003115876625838787,1,
12,5,9,0.025714285714285714,-1.241795384041408,-1.3459971865697433,-1.241795384041408,-1.3459971865697433,0.005429007825081885,-0.029569456386045828,0.03582798055659684,1,26,0.00023986952572693025,0.00032294117051767657,1,
12,5,10,0.02857142857142857,-1.3190212698837942,-1.4305854487236191,-1.3190212698837942,-1.4305854487236191,0.006223283000107573,-0.026744731792641883,0.0389263371919311,1,26,0.0002330322490535804,0.0003334502492409186,1,
12,5,11,0.03142857142857143,-1.4378496857557015,-1.5212204417089203,-1.4378496857557015,-1.5212204417089203,0.0034753414741032934,-0.01658904709660918,0.029357752998883775,1,26,0.0002254921160442429,0.0003431005828471445,1,
12,5,12,0.03428571428571429,-1.5824291944202276,-1.6194417447581055,-1.5824291944202276,-1.6194417447581055,0.000684964441260033,-0.0059676800568692215,0.01305534048456842,1,26,0.0002172428774474145,0.00035188862978818847,1,
12,5,13,0.037142857142857144,-1.6745626808282497,-1.7274156648746901,-1.6745626808282497,-1.7274156648746901,0.0013967189613038281,-0.006671733688094488,0.018464394251785907,1,26,0.0002082580299405224,0.000359823119309155,1,
12,5,14,0.04,-1.8360948888499704,-1.8487175678824754,-1.8360948888499704,-1.8487175678824754,7.966601297986362e-05,-0.0011846056004134772,0.004285879396019741,1,25,0.00024805742442300557,0.0004587019027870731,1,
13,5,0,0.0,-0.1496004012259144,-0.1808511502436684,-0.1496004012259144,-0.1808511502436684,0.0004883046570852617,-0.014610036545448435,0.007055183823218904,1,30,0.00021689256855531976,3.923378001785549e-05,1,
13,5,1,0.002857142857142857,-0.28925152810378163,-0.298542483600767,-0.28925152810378163,-0.298542483600767,4.316092702350212e-05,-0.004048387471861376,0.0021945378402564953,1,28,0.00024053080690377324,7.182594082705274e-05,1,
13,5,2,0.005714285714285714,-0.3863183491020452,-0.41416839857636284,-0.3863183491020452,-0.41416839857636284,0.0003878126278613084,-0.01125650806150989,0.0068502192961838754,1,27,0.0002493764129005307,0.0001033095925493388,1,
13,5,3,0.008571428571428572,-0.5227530409855006,-0.5281378914163775,-0.5227530409855006,-0.5281378914163775,1.4498307081363036e-05,-0.002008293631664539,0.0013733824090657691,1,27,0.00022235513279785605,0.00011746028887960058,1,
13,5,4,0.011428571428571429,-0.5500566689625342,-0.6411282235869483,-0.5500566689625342,-0.6411282235869483,0.0041470140308552846,-0.03117174387026028,0.023994688264145084,1,26,0.0002535973878301254,0.00016262968522917642,1,
13,5,5,0.014285714285714285,-0.8164404349155597,-0.7533771183436515,-0.8164404349155597,-0.7533771183436515,0.0019884909485258276,0.019682415412402874,-0.017101079426839545,1,26,0.00023792419518735194,0.00017928930181732028,1,
13,5,6,0.017142857142857144,-1.042292932903442,-0.8655180105817531,-1.042292932903442,-0.8655180105817531,0.015624686580913684,0.049953107709273074,-0.04916882091614053,1,26,0.0002257017595400721,0.0001953930384545055,1,
13,5,7,0.02,-0.9927629686079807,-0.9781155711757197,-0.9927629686079807,-0.9781155711757197,0.00010727312576990736,0.0037169528226554563,-0.004164622024573073,1,26,0.00021557487525571784,0.00021090260754519363,1,
13,5,8,0.022857142857142857,-1.1087580017302918,-1.0920334820528625,-1.1087580017302918,-1.0920334820528625,0.00013985477922084225,0.0037759785159670496,-0.004844222631456558,1,25,0.0002577216570391021,0.0002815132305931112,1,
13,5,9,0.025714285714285714,-1.241795384041408,-1.2075782128690673,-1.241795384041408,-1.2075782128690673,0.0005854074015170586,0.0067923881297921465,-0.010057346137876549,1,25,0.000248116264941149,0.0002996941547956933,1,
13,5,10,0.02857142857142857,-1.3190212698837942,-1.325856157498034,-1.3190212698837942,-1.325856157498034,2.335784434997276e-05,-0.001176084345081223,0.002029728721135922,1,25,0.000239081567697369,0.00031706357273186825,1,
13,5,11,0.03142857142857143,-1.4378496857557015,-1.4479816950161684,-1.4378496857557015,-1.4479816950161684,5.132880582681421e-05,-0.0014842215062589258,0.003023573378528316,1,25,0.00023032189517137308,0.00033357871865224986,1,
13,5,12,0.03428571428571429,-1.5824291944202276,-1.5753914122433157,-1.5824291944202276,-1.5753914122433157,2.476518898424784e-05,0.0008570715083718325,-0.0020953032205901683,1,25,0.00022161213038334113,0.00034920323472764636,1,
13,5,13,0.037142857142857144,-1.6745626808282497,-1.7100114563246558,-1.6745626808282497,-1.7100114563246558,0.0006283078420954126,-0.003472851254609781,0.010419852846524953,1,25,0.0002127657220893779,0.0003639092497003116,1,
13,5,14,0.04,-1.8360948888499704,-1.8545457565178312,-1.8360948888499704,-1.8545457565178312,0.00017021725884997863,-0.0013850951819513692,0.005266462015471443,1,25,0.0002036090208176966,0.00037767914442699,1,
14,6,0,0.0,-0.1496004012259144,-0.1775933106529115,-0.1496004012259144,-0.1775933106529115,0.0003918014890939737,-0.012888388922194164,0.006207598132846546,1,30,0.0002177248084676536,3.867489003006597e-05,1,
14,6,1,0.002857142857142857,-0.28925152810378163,-0.2967482722759208,-0.28925152810378163,-0.2967482722759208,2.810058659126811e-05,-0.0032193570585156072,0.001738545353467012,1,28,0.0002394134114350566,7.106252952565617e-05,1,
14,6,2,0.005714285714285714,-0.3863183491020452,-0.41379900374870265,-0.3863183491020452,-0.41379900374870265,0.00037759318990476174,-0.01095453277770125,0.006633666174137479,1,27,0.00024746135651707344,0.00010242460892573302,1,
14,6,3,0.008571428571428572,-0.5227530409855006,-0.5291508562375393,-0.5227530409855006,-0.5291508562375393,2.0466019999497613e-05,-0.002354990350339578,0.0016007654784004248,1,27,0.00022020848945592905,0.00011654917586434443,1,
14,6,4,0.011428571428571429,-0.5500566689625342,-0.6434756920141249,-0.5500566689625342,-0.6434756920141249,0.004363556933958318,-0.03158160910465496,0.024137088898918312,1,26,0.00025105051283160835,0.00016158546858957568,1,
14,6,5,0.014285714285714285,-0.8164404349155597,-0.7570094240004405,-0.8164404349155597,-0.7570094240004405,0.0017660225291978983,0.01833400046909602,-0.015798885213646734,1,26,0.00023534364523710956,0.00017819929539486523,1,
14,6,6,0.017142857142857144,-1.042292932903442,-0.8703806389271762,-1.042292932903442,-0.8703806389271762,0.014776918410085299,0.04805319055006913,-0.04685982473793329,1,26,0.0002231246046991223,0.0001942466772114626,1,
14,6,7,0.02,-0.9927629686079807,-0.9841493865994729,-0.9927629686079807,-0.9841493865994729,3.709689750899954e-05,0.0021638604824859354,-0.0023993308878177268,1,26,0.0002130226282818261,0.00020969075783172642,1,
14,6,8,0.022857142857142857,-1.1087580017302918,-1.099172181629059,-1.1087580017302918,-1.099172181629059,4.5943973506876854e-05,0.0021443295018689647,-0.0027193545726677966,1,25,0.0002547759863321937,0.0002801140430550575,1,
14,6,9,0.025714285714285714,-1.241795384041408,-1.2157499668193126,-1.241795384041408,-1.2157499668193126,0.00033918187913531503,0.005127412567277375,-0.007495924716705899,1,25,0.0002452208017774456,0.00029820030654259533,1,
14,6,10,0.02857142857142857,-1.3190212698837942,-1.3349763786829576,-1.3190212698837942,-1.3349763786829576,0.00012728274839733588,-0.002725522814438388,0.004638384846805229,1,25,0.0002362535091122887,0.00031546738432242094,1,
14,6,11,0.03142857142857143,-1.4378496857557015,-1.4579483837425722,-1.4378496857557015,-1.4579483837425722,0.00020197883038316667,-0.0029265063770093263,0.005870659306936558,1,25,0.0002275791945822131,0.0003318742465883151,1,
14,6,12,0.03428571428571429,-1.5824291944202276,-1.5860751600524075,-1.5824291944202276,-1.5860751600524075,6.646532695819622e-06,-0.00044201584413533084,0.0010624314362621583,1,25,0.0002189744633254846,0.0003473860256348882,1,
14,6,13,0.037142857142857144,-1.6745626808282497,-1.7212377078587997,-1.6745626808282497,-1.7212377078587997,0.0010892790741488013,-0.004561422096857452,0.013430820965389547,1,25,0.0002102555809893598,0.0003619759417485824,1,
14,6,14,0.04,-1.8360948888499704,-1.8660614664689228,-1.8360948888499704,-1.8660614664689228,0.0004489978870988242,-0.00225074620256767,0.008378894691258305,1,25,0.00020125344913961467,0.0003756269026431447,1,
15,7,0,0.0,-0.1496004012259144,-0.17852372995668309,-0.1496004012259144,-0.17852372995668309,0.0004182794724339947,-0.013330938447562151,0.0064145569134932846,1,30,0.00021706432370509996,3.875954602300391e-05,1,
15,7,1,0.002857142857142857,-0.28925152810378163,-0.297606969453428,-0.28925152810378163,-0.297606969453428,3.4906700073708864e-05,-0.0035917666659497113,0.0019379009695316266,1,28,0.00023913624231323424,7.118563542668488e-05,1,
15,7,2,0.005714285714285714,-0.3863183491020452,-0.4145866073449633,-0.3863183491020452,-0.4145866073449633,0.0003995472120444962,-0.011279473442202849,0.006824641157522419,1,27,0.0002473446534638027,0.00010257115115031024,1,
15,7,3,0.008571428571428572,-0.5227530409855006,-0.5298682136846801,-0.5227530409855006,-0.5298682136846801,2.5312841269449798e-05,-0.0026214824935153563,0.0017804943486527652,1,27,0.00022018097935174436,0.00011669259570645796,1,
15,7,4,0.011428571428571429,-0.5500566689625342,-0.644124148449711,-0.5500566689625342,-0.644124148449711,0.004424345348536724,-0.03182907827668656,0.02430820064983834,1,26,0.0002510620402342737,0.00016175573359844542,1,
15,7,5,0.014285714285714285,-0.8164404349155597,-0.7575902426140981,-0.8164404349155597,-0.7575902426140981,0.0017316725669608772,0.018170194864283014,-0.015646935803225195,1,26,0.00023538287815095643,0.00017836575601060112,1,
15,7,6,0.017142857142857144,-1.042292932903442,-0.8708954025935096,-1.042292932903442,-0.8708954025935096,0.014688556698166395,0.047947927277246,-0.04672728831483629,1,26,0.00022317937388110365,0.00019440927880787218,1,
15,7,7,0.02,-0.9927629686079807,-0.9845998356038993,-0.9927629686079807,-0.9845998356038993,3.331837022149813e-05,0.0020522731987891495,-0.0022742575359773753,1,26,0.00021308622361899908,0.00020984937675594395,1,
15,7,8,0.022857142857142857,-1.1087580017302918,-1.0995603564946153,-1.1087580017302918,-1.0995603564946153,4.229833894094741e-05,0.0020589939753281787,-0.002609719018357564,1,25,0.000254856354536755,0.0002803013806373933,1,
15,7,9,0.025714285714285714,-1.241795384041408,-1.21607773785016,-1.241795384041408,-1.21607773785016,0.00033069866280792577,0.005066382868811454,-0.0074030338856372535,1,25,0.00024530443702625867,0.0002983824594047224,1,
15,7,10,0.02857142857142857,-1.3190212698837942,-1.3352459276085318,-1.3190212698837942,-1.3352459276085318,0.00013161975914322157,-0.0027733802988122204,0.004717710547754788,1,25,0.00023633810164219068,0.0003156440864806598,1,
15,7,11,0.03142857142857143,-1.4378496857557015,-1.4581620741830794,-1.4378496857557015,-1.4581620741830794,0.00020629656181177906,-0.0029594469716519296,0.005934345504191614,1,25,0.0002276630443380091,0.0003320452113704242,1,
15,7,12,0.03428571428571429,-1.5824291944202276,-1.5862355993545558,-1.5824291944202276,-1.5862355993545558,7.2443592623537e-06,-0.0004617346498904924,0.0011094311059918307,1,25,0.00021905625497023007,0.0003475509631074569,1,
15,7,13,0.037142857142857144,-1.6745626808282497,-1.721347869205791,-1.6745626808282497,-1.721347869205791,0.001094426925758525,-0.004574673581087995,0.013465650262639546,1,25,0.00021033424582288221,0.00036213457517098036,1,
15,7,14,0.04,-1.8360948888499704,-1.8661249316611925,-1.8360948888499704,-1.8661249316611925,0.0004509017356243973,-0.00225664942437127,0.008398656759028369,1,25,0.00020132806859663016,0.00037577898310825475,1,
16,8,0,0.0,-0.1496004012259144,-0.1783274488526762,-0.1496004012259144,-0.1783274488526762,0.000412621632675061,-0.013236725152359888,0.006370327482203048,1,30,0.00021719548745921085,3.8740331406078576e-05,1,
16,8,1,0.002857142857142857,-0.28925152810378163,-0.29743193071707374,-0.28925152810378163,-0.29743193071707374,3.345949345779639e-05,-0.0035155710219529675,0.0018970862969356706,1,28,0.00023918382031238745,7.11579252962169e-05,1,
16,8,2,0.005714285714285714,-0.3863183491020452,-0.4144324954365801,-0.3863183491020452,-0.4144324954365801,0.000395202612060163,-0.011215082145490995,0.0067866263446762455,1,27,0.0002473573057740898,0.00010253826908640518,1,
16,8,3,0.008571428571428572,-0.5227530409855006,-0.5297346522949953,-0.5227530409855006,-0.5297346522949953,2.4371448238309724e-05,-0.0025716401848859915,0.0017468567270659565,1,27,0.00022017530811271622,0.00011666017597722345,1,
16,8,4,0.011428571428571429,-0.5500566689625342,-0.6440106375087202,-0.5500566689625342,-0.6440106375087202,0.004413674102790365,-0.03178321795286414,0.024275780653519364,1,26,0.00025104681458474254,0.00016171741774784198,1,
16,8,5,0.014285714285714285,-0.8164404349155597,-0.7574962888216354,-0.8164404349155597,-0.7574962888216354,0.0017372061793723191,0.018195151228544277,-0.01566986551569536,1,26,0.00023536216449803444,0.0001783279377857161,1,
16,8,6,0.017142857142857144,-1.042292932903442,-0.8708204261578909,-1.042292932903442,-0.8708204261578909,0.01470141028479583,0.04795878054906155,-0.04674144828566282,1,26,0.00022315570108324688,0.00019437191791848996,1,
16,8,7,0.02,-0.9927629686079807,-0.9845432028812682,-0.9927629686079807,-0.9845432028812682,3.378227430135787e-05,0.002066099111029216,-0.002289720082688698,1,26,0.00021306099105125568,0.0002098124533879142,1,
16,8,8,0.022857142857142857,-1.1087580017302918,-1.0995213394391092,-1.1087580017302918,-1.0995213394391092,4.2657965140943783e-05,0.0020673402830040347,-0.002620420104311694,1,25,0.0002548258903203627,0.0002802579212231038,1,
16,8,9,0.025714285714285714,-1.241795384041408,-1.2160556137778853,-1.241795384041408,-1.2160556137778853,0.0003312678866082806,0.005069850058318087,-0.00740833474465685,1,25,0.0002452736116326257,0.0002983395271507483,1,
16,8,10,0.02857142857142857,-1.3190212698837942,-1.3352398493664857,-1.3190212698837942,-1.3352398493664857,0.00013152116021896795,-0.0027718883576618564,0.00471524978737633,1,25,0.00023630744522501267,0.0003156016965970565,1,
16,8,11,0.03142857142857143,-1.4378496857557015,-1.4581710722404366,-1.4378496857557015,-1.4581710722404366,0.00020647937433042844,-0.0029603133751873963,0.005936085922831348,1,25,0.00022763297332241113,0.0003320033917060261,1,
16,8,12,0.03428571428571429,-1.5824291944202276,-1.5862585202204957,-1.5824291944202276,-1.5862585202204957,7.331868042616072e-06,-0.0004644521408584551,0.0011159424328213811,1,25,0.00021902712015414678,0.00034750974956354597,1,
16,8,13,0.037142857142857144,-1.6745626808282497,-1.7213832640740863,-1.6745626808282497,-1.7213832640740863,0.0010960835077376623,-0.004577594074933363,0.013473782101754825,1,25,0.00021030636434332157,0.0003620940065829359,1,
16,8,14,0.04,-1.8360948888499704,-1.866170845296036,-1.8360948888499704,-1.866170845296036,0.0004522815780752997,-0.0022598838592315126,0.008410229832026262,1,25,0.00020130175095463913,0.0003757390956764528,1,
17,9,0,0.0,-0.1496004012259144,-0.1783271060972313,-0.1496004012259144,-0.1783271060972313,0.00041261178638181124,-0.01323654922931981,0.006370241903223504,1,30,0.0002171956049147269,3.8740277899573794e-05,1,
17,9,1,0.002857142857142857,-0.28925152810378163,-0.29743171518871553,-0.28925152810378163,-0.29743171518871553,3.345773037227784e-05,-0.0035154738429583584,0.0018970333908381303,1,28,0.0002391837448728617,7.115785128414265e-05,1,
17,9,2,0.005714285714285714,-0.3863183491020452,-0.41443240389356784,-0.3863183491020452,-0.41443240389356784,0.0003952000384107099,-0.011215031808663043,0.006786593544251126,1,27,0.0002473571519899727,0.00010253818267230708,1,
17,9,3,0.008571428571428572,-0.5227530409855006,-0.529734681173918,-0.5227530409855006,-0.529734681173918,2.4371649860140033e-05,-0.0025716478166568925,0.0017468611399517658,1,27,0.00022017512909935585,0.00011666008746569201,1,
17,9,4,0.011428571428571429,-0.5500566689625342,-0.644010782752874,-0.5500566689625342,-0.644010782752874,0.004413687749065572,-0.03178323196643663,0.02427577832737404,1,26,0.0002510465992808642,0.00016171731549241564,1,
17,9,5,0.014285714285714285,-0.8164404349155597,-0.7574965462304367,-0.8164404349155597,-0.7574965462304367,0.0017371910066634607,0.0181950528425052,-0.01566977089817606,1,26,0.00023536194480882188,0.0001783278318920889,1,
17,9,6,0.017142857142857144,-1.042292932903442,-0.8708207910981329,-1.042292932903442,-0.8708207910981329,0.014701347707644308,0.04795863177227729,-0.04674126939348844,1,26,0.0002231554809030967,0.00019437180755210726,1,
17,9,7,0.02,-0.9927629686079807,-0.984543670320529,-0.9927629686079807,-0.984543670320529,3.3778432169391894e-05,0.002065979747324233,-0.0022895859216798546,1,26,0.0002130607726008488,0.00020981233783656794,1,
17,9,8,0.022857142857142857,-1.1087580017302918,-1.09952190372117,-1.1087580017302918,-1.09952190372117,4.265275321731779e-05,0.002067212266771181,-0.002620255434078621,1,25,0.00025482563774071123,0.00028025778719498184,1,
17,9,9,0.025714285714285714,-1.241795384041408,-1.2160562688045815,-1.241795384041408,-1.2160562688045815,0.00033125102658613354,0.005069717228508871,-0.00740813309209166,1,25,0.000245273363267,0.0002983393856761385,1,
17,9,10,0.02857142857142857,-1.3190212698837942,-1.3352405879545344,-1.3190212698837942,-1.3352405879545344,0.0001315331393406973,-0.0027720127523827567,0.00471545607552431,1,25,0.00023630720263191065,0.0003156015470988649,1,
17,9,11,0.03142857142857143,-1.4378496857557015,-1.4581718857527637,-1.4378496857557015,-1.4581718857527637,0.0002064959063597378,-0.0029604302331032355,0.005936312849988282,1,25,0.000227632738080338,0.00033200323375082164,1,
17,9,12,0.03428571428571429,-1.5824291944202276,-1.5862593977425783,-1.5824291944202276,-1.5862593977425783,7.3352287455896765e-06,-0.0004645583751481141,0.0011161961424119365,1,25,0.0002190268939571613,0.0003475095828424646,1,
17,9,13,0.037142857142857144,-1.6745626808282497,-1.721384190956654,-1.6745626808282497,-1.721384190956654,0.0010961269053496431,-0.004577683520190061,0.013474024667657266,1,25,0.00021030614909634213,0.0003620938308745991,1,
17,9,14,0.04,-1.8360948888499704,-1.8661718004274137,-1.8360948888499704,-1.8661718004274137,0.0004523103050211558,-0.002259955608434737,0.00841048228385175,1,25,0.00020130154892277478,0.0003757389108067777,1,
18,10,0,0.0,-0.1496004012259144,-0.17832710180019448,-0.1496004012259144,-0.17832710180019448,0.00041261166294211224,-0.013236546961080824,0.006370240784575556,1,30,0.0002171956057734927,3.87402771192813e-05,1,
18,10,1,0.002857142857142857,-0.28925152810378163,-0.2974317129806295,-0.28925152810378163,-0.2974317129806295,3.345771230972331e-05,-0.0035154728210687646,0.0018970328281745948,1,28,0.00023918374305746817,7.115785021566401e-05,1,
18,10,2,0.005714285714285714,-0.3863183491020452,-0.4144324037190441,-0.3863183491020452,-0.4144324037190441,0.00039520003350414023,-0.011215031517798783,0.006786593317036707,1,27,0.0002473571490989774,0.0001025381814304116,1,
18,10,3,0.008571428571428572,-0.5227530409855006,-0.5297346829723552,-0.5227530409855006,-0.5297346829723552,2.4371662416182922e-05,-0.0025716484310115873,0.0017468615413170152,1,27,0.00022017512592866585,0.00011666008618138601,1,
18,10,4,0.011428571428571429,-0.5500566689625342,-0.644010786455967,-0.5500566689625342,-0.644010786455967,0.004413688096986394,-0.03178323265769126,0.024275778595675663,1,26,0.00025104659554741254,0.0001617173140167072,1,
18,10,5,0.014285714285714285,-0.8164404349155597,-0.7574965517672231,-0.8164404349155597,-0.7574965517672231,0.001737190680303757,0.018195050831141313,-0.01566976897407719,1,26,0.00023536194104908326,0.00017832783034621436,1,
18,10,6,0.017142857142857144,-1.042292932903442,-0.8708207983906842,-1.042292932903442,-0.8708207983906842,0.014701346457174956,0.04795862898797478,-0.046741266034950164,1,26,0.00022315547716310045,0.0001943718059215227,1,
18,10,7,0.02,-0.9927629686079807,-0.9845436792842396,-0.9927629686079807,-0.9845436792842396,3.377835849402128e-05,0.0020659774644930726,-0.002289583356583047,1,26,0.00021306076890713452,0.00020981233610861683,1,
18,10,8,0.022857142857142857,-1.1087580017302918,-1.0995219142610992,-1.1087580017302918,-1.0995219142610992,4.265265586955468e-05,0.002067209880476078,-0.00262025236486466,1,25,0.0002548256334811958,0.0002802577851956922,1,
18,10,9,0.025714285714285714,-1.241795384041408,-1.2160562808177748,-1.241795384041408,-1.2160562808177748,0.00033125071737723824,0.005069714802172134,-0.007408129408248619,1,25,0.000245273359086154,0.0002983393835367387,1,
18,10,10,0.02857142857142857,-1.3190212698837942,-1.3352406013196776,-1.3190212698837942,-1.3352406013196776,0.00013153335611429544,-0.002772015007849131,0.0047154598157113335,1,25,0.00023630719855444348,0.0003156015448109173,1,
18,10,11,0.03142857142857143,-1.4378496857557015,-1.458171900323522,-1.4378496857557015,-1.458171900323522,0.00020649620246970983,-0.0029604323302155314,0.00593631692182412,1,25,0.00022763273412937827,0.0003320032313045562,1,
18,10,12,0.03428571428571429,-1.5824291944202276,-1.5862594133333445,-1.5824291944202276,-1.5862594133333445,7.335288461515839e-06,-0.0004645602631440577,0.0011162006511290796,1,25,0.00021902689016071262,0.00034750958023321843,1,
18,10,13,0.037142857142857144,-1.6745626808282497,-1.7213842073173609,-1.6745626808282497,-1.7213842073173609,0.0010961276713827757,-0.0045776851037596595,0.013474028960097643,1,25,0.00021030614548504987,0.00036209382809704316,1,
18,10,14,0.04,-1.8360948888499704,-1.8661718171964057,-1.8360948888499704,-1.8661718171964057,0.00045231080938078514,-0.0022599568701735877,0.008410486721474906,1,25,0.00020130154553481782,0.00037573890785802533,1,
