evaluation,iteration,point_index,phi_applied,target_flux,simulated_flux,point_objective,converged,steps_taken,final_relative_change,final_absolute_change,diagnostics_valid,reason,dJ_dk0_0,dJ_dk0_1
1,0,0,-1.0,-0.005811162777964344,-0.00019730207186219344,1.5757716013758953e-05,1,7,4.736093048133653e-06,9.344453965492473e-10,1,,-1.1045057574896625e-06,-9.268392929239219e-11
1,0,1,-2.357142857142857,-0.005974064898636422,-0.00042426026004776184,1.5400162404310284e-05,1,7,5.22601940171921e-06,2.2172039375388357e-09,1,,-5.526569201683421e-06,-6.976825215993143e-10
1,0,2,-3.7142857142857144,0.003125533943907826,-0.0006862215860348139,7.264747534035366e-06,1,7,6.90092409149878e-06,4.7355957551609845e-09,1,,9.653847420067585e-06,1.8346026369128152e-09
1,0,3,-5.071428571428571,-0.006207163048749283,-0.0010484640834588625,1.3306077118448054e-05,1,8,4.293861785205145e-06,4.5019791920005575e-09,1,,-2.714071599595917e-05,-7.80867773575891e-09
1,0,4,-6.428571428571429,-0.01158881227697504,-0.0015788348560620477,5.009977817954644e-05,1,8,6.337714815158527e-06,1.0006268474829078e-08,1,,-0.00010052805122808071,-4.344293349783438e-08
1,0,5,-7.7857142857142865,-0.025026392834663787,-0.002366338659475204,0.0002567389301465645,1,9,3.974731016243051e-06,9.405597049469416e-09,1,,-0.00041237179770146215,-2.6859313594505694e-07
1,0,6,-9.142857142857142,-0.05269317406115371,-0.003537034135844871,0.0012081625826442337,1,9,5.821733911863726e-06,2.059179145599832e-08,1,,-0.001561581402004685,-1.5351479332489255e-06
1,0,7,-10.5,-0.0882162609813168,-0.005271397755373965,0.0034399244729102474,1,10,3.4979097586609907e-06,1.8438938148047923e-08,1,,-0.0044718933497038225,-6.65796720112094e-06
1,0,8,-11.857142857142858,-0.13671372542749854,-0.007824481174917339,0.008306216387152496,1,10,4.925181224602387e-06,3.853717757754116e-08,1,,-0.01149842921393249,-2.5996225721621258e-05
1,0,9,-13.214285714285715,-0.17290748877088274,-0.01154643983026652,0.013018688387711705,1,10,6.714498242020613e-06,7.752907051072899e-08,1,,-0.02322576655064925,-8.014357442007999e-05
1,0,10,-14.571428571428573,-0.2058941561705718,-0.01689622760651442,0.017860103717609068,1,11,3.375932551937062e-06,5.704071734738414e-08,1,,-0.04268143165602803,-0.00022651220418999486
1,0,11,-15.928571428571429,-0.22196567374366694,-0.024432911258023424,0.01950958787199454,1,11,3.9097887405998396e-06,9.552789483058266e-08,1,,-0.06769872562090133,-0.0005579463101105733
1,0,12,-17.285714285714285,-0.25258719785485,-0.034759051550455326,0.023724538083480674,1,11,3.927530395272642e-06,1.3651776765294388e-07,1,,-0.10872980017149654,-0.0014108943088173328
1,0,13,-18.642857142857142,-0.28087475611346674,-0.048391597324165175,0.027024196530674807,1,11,3.054925107385256e-06,1.478331572712932e-07,1,,-0.16057554824321738,-0.0033397584258861696
1,0,14,-20.0,-0.31732709049474683,-0.06556276048761407,0.031692637064616135,1,11,1.1645064909345654e-06,7.634834905956289e-08,1,,-0.22609170120570674,-0.0077022977069616605
2,0,0,-1.0,-0.005811162777964344,-0.0003763096681029933,1.4768814162884878e-05,1,8,4.177964771087509e-06,1.5722151050132603e-09,1,,-2.0328527527620626e-06,-1.7409131988771158e-10
2,0,1,-2.357142857142857,-0.005974064898636422,-0.001933982372192649,8.161128984734537e-06,1,9,5.985960732684382e-06,1.1576811835990047e-08,1,,-1.797560462196499e-05,-2.4024126896371464e-09
2,0,2,-3.7142857142857144,0.003125533943907826,-0.007334913089830011,5.4710511319916945e-05,1,11,3.522866345220273e-06,2.584000950017762e-08,1,,0.00027352856754515734,5.694258467661482e-08
2,0,3,-5.071428571428571,-0.006207163048749283,-0.024633074540638292,0.00016975731521773517,1,12,3.3020773137477644e-06,8.134058520140042e-08,1,,0.0020180870809833862,7.030580446237933e-07
2,0,4,-6.428571428571429,-0.01158881227697504,-0.06784876693408186,0.001582592431526506,1,12,2.336581157238915e-06,1.5853452078884445e-07,1,,0.016328015982205523,1.144171180949814e-05
2,0,5,-7.7857142857142865,-0.025026392834663787,-0.131016643692342,0.005616963356009496,1,11,1.9617626447586144e-07,2.570235574372859e-08,1,,0.0383510890654716,7.693997003589982e-05
2,0,6,-9.142857142857142,-0.05269317406115371,-0.17635373344333574,0.0076459412850198305,1,10,2.117391335442988e-06,3.734098671659414e-07,1,,0.026298353475059554,0.00021673896634066543
2,0,7,-10.5,-0.0882162609813168,-0.1950809675953524,0.005709971577825107,1,9,3.6856911843690136e-06,7.190082025043676e-07,1,,0.008824566231046514,0.0003633325378085189
2,0,8,-11.857142857142858,-0.13671372542749854,-0.20112197280376104,0.002074165680997833,1,9,3.773705991699344e-06,7.589751938319456e-07,1,,0.0017637922625989768,0.0003890383941435069
2,0,9,-13.214285714285715,-0.17290748877088274,-0.20307982728149376,0.000455160583236564,1,9,4.041892532491935e-06,8.208268373888217e-07,1,,0.000259279404093687,0.0003124658455420414
2,0,10,-14.571428571428573,-0.2058941561705718,-0.20396731462445417,1.8581525650317195e-06,1,9,4.528739813149682e-06,9.237148983209931e-07,1,,-5.057972616547303e-06,-3.3579300537208934e-05
2,0,11,-15.928571428571429,-0.22196567374366694,-0.20473141740110506,0.00014852874736292202,1,9,5.267360422009185e-06,1.0783941651604234e-06,1,,-1.3807919059495761e-05,-0.000499818228268439
2,0,12,-17.285714285714285,-0.25258719785485,-0.2057286249688135,0.0010979258500291135,1,9,6.319418952190743e-06,1.3000853716360616e-06,1,,-1.132457203970182e-05,-0.002235091386032658
2,0,13,-18.642857142857142,-0.28087475611346674,-0.2071908659993159,0.0027147821161457434,1,9,7.737285130267166e-06,1.6030948066236839e-06,1,,-5.349593675400335e-06,-0.005714751873513718
2,0,14,-20.0,-0.31732709049474683,-0.20937239670902294,0.005827545926062222,1,8,1.7832657569157794e-05,3.7336662549458666e-06,1,,-2.349993848049229e-06,-0.013433174131190072
3,1,0,-1.0,-0.005811162777964344,-0.00034690175616988966,1.4929074257151166e-05,1,8,3.822991844816351e-06,1.3262076548710075e-09,1,,-1.8850387671344217e-06,-1.6386899525843562e-10
3,1,1,-2.357142857142857,-0.005974064898636422,-0.00159852244673428,9.572682240901096e-06,1,9,4.8526356813860675e-06,7.757084704825348e-09,1,,-1.6160475985666617e-05,-2.230456015152538e-09
3,1,2,-3.7142857142857144,0.003125533943907826,-0.005470038173803984,3.694197326718738e-05,1,10,6.165081301869192e-06,3.372343797356653e-08,1,,0.0001694802122129344,3.6943288698104426e-08
3,1,3,-5.071428571428571,-0.006207163048749283,-0.016987679020637164,5.81099510575114e-05,1,11,6.451998364599007e-06,1.0960518443195455e-07,1,,0.0008484690233117164,3.068280226934202e-07
3,1,4,-6.428571428571429,-0.01158881227697504,-0.04650357198590431,0.0006095210719349863,1,12,3.2797633221374015e-06,1.5252120998121566e-07,1,,0.008044073218503834,5.379158099626911e-06
3,1,5,-7.7857142857142865,-0.025026392834663787,-0.09964698086192463,0.0027841161198498194,1,12,4.7650118886961456e-07,4.7481927473169705e-08,1,,0.029485094526236256,4.649047332436984e-05
3,1,6,-9.142857142857142,-0.05269317406115371,-0.15387764724375452,0.005119140461077304,1,11,1.123760228316747e-06,1.7292157999948543e-07,1,,0.03455035580234408,0.0001781938899982655
3,1,7,-10.5,-0.0882162609813168,-0.1850256546906756,0.004686002699960017,1,10,2.262050718694432e-06,4.185374151699506e-07,1,,0.016937661945819416,0.00036696017201931844
3,1,8,-11.857142857142858,-0.13671372542749854,-0.19752363620596536,0.0018488811052557233,1,9,4.024442987927832e-06,7.949226126791054e-07,1,,0.004224812167435707,0.00043263750757823187
3,1,9,-13.214285714285715,-0.17290748877088274,-0.20200259628431205,0.00042323830117532897,1,9,4.331349558614177e-06,8.749438562549727e-07,1,,0.0007265875645884878,0.00036667125229750635
3,1,10,-14.571428571428573,-0.2058941561705718,-0.20385610559924056,2.078868816119883e-06,1,9,4.919523444221378e-06,1.0028748907431329e-06,1,,-1.752352420981939e-05,-4.4262851080417164e-05
3,1,11,-15.928571428571429,-0.22196567374366694,-0.20510433171200645,0.00014217310782449081,1,9,5.8462043117456415e-06,1.1990818284124405e-06,1,,-4.9617603031356833e-05,-0.0006219524001141484
3,1,12,-17.285714285714285,-0.25258719785485,-0.2065272736930978,0.0010608294868071405,1,9,7.166954313557803e-06,1.4801715350620803e-06,1,,-4.5786965254016444e-05,-0.0028450734216196763
3,1,13,-18.642857142857142,-0.28087475611346674,-0.20855544586414115,0.0026153113202926227,1,8,1.6620733956424398e-05,3.466344580871361e-06,1,,-2.4194758666170223e-05,-0.0073745055378371255
3,1,14,-20.0,-0.31732709049474683,-0.21159750067008576,0.005589891897287655,1,8,2.0559380793337903e-05,4.350313591194865e-06,1,,-1.1895769331668408e-05,-0.017513630763354108
4,1,0,-1.0,-0.005811162777964344,-0.00025048415272732215,1.5460573386584033e-05,1,7,6.116866074469603e-06,1.5321873881950741e-09,1,,-1.3878623537090792e-06,-1.276089080510683e-10
4,1,1,-2.357142857142857,-0.005974064898636422,-0.0007440770116955229,1.3676383477118357e-05,1,8,4.536229244660466e-06,3.375319211954518e-09,1,,-9.096864654581826e-06,-1.4330377745369753e-09
4,1,2,-3.7142857142857144,0.003125533943907826,-0.0016595393512149833,1.1448470962332983e-05,1,9,3.7748090095597573e-06,6.264467741854546e-09,1,,2.8938006152406438e-05,7.840729214426293e-09
4,1,3,-5.071428571428571,-0.006207163048749283,-0.003482385511107294,3.7121862330071843e-06,1,9,7.5669503972158995e-06,2.6351237825041757e-08,1,,-4.691800582349259e-05,-2.1725099518560095e-08
4,1,4,-6.428571428571429,-0.01158881227697504,-0.007141225271621722,9.890458346958956e-06,1,10,6.28436680656264e-06,4.4878361087248575e-08,1,,-0.00019559827525671608,-1.5661227339268269e-07
4,1,5,-7.7857142857142865,-0.025026392834663787,-0.01432470198941455,5.726289165442935e-05,1,11,4.6317172081296e-06,6.634827601215143e-08,1,,-0.0011071206682832352,-1.5536349625510746e-06
4,1,6,-9.142857142857142,-0.05269317406115371,-0.027704185349918274,0.000312224275529849,1,12,2.5955449728135803e-06,7.19076456504042e-08,1,,-0.005465594527064988,-1.3957705918269506e-05
4,1,7,-10.5,-0.0882162609813168,-0.05029244294139224,0.0007191068160012363,1,12,2.285871660808165e-06,1.149623328616789e-07,1,,-0.01508344760412875,-7.462068720934364e-05
4,1,8,-11.857142857142858,-0.13671372542749854,-0.08277653637898166,0.0014546099175294295,1,12,6.056586107677442e-07,5.0134352391761894e-08,1,,-0.03148862163762328,-0.0003321615215263809
4,1,9,-13.214285714285715,-0.17290748877088274,-0.12025277323679266,0.001386264069532807,1,11,9.204570870240134e-07,1.1068751736009741e-07,1,,-0.0346297098973111,-0.0008793602024387652
4,1,10,-14.571428571428573,-0.2058941561705718,-0.15425078940355946,0.0013335412742304098,1,10,4.226599764249475e-06,6.519563501283798e-07,1,,-0.029427125031515046,-0.0020257218044354357
4,1,11,-15.928571428571429,-0.22196567374366694,-0.179750356720142,0.0008911012390628827,1,10,6.028972925665178e-06,1.083710034044394e-06,1,,-0.016971855341413475,-0.003451767715912278
4,1,12,-17.285714285714285,-0.25258719785485,-0.19766218714679834,0.0015085126214809,1,9,1.3161554915896806e-05,2.601541730928858e-06,1,,-0.013672572703386095,-0.008557608382613102
4,1,13,-18.642857142857142,-0.28087475611346674,-0.21175120761610777,0.0023892697569850717,1,9,1.368276955964036e-05,2.8973429777867654e-06,1,,-0.009940497312808766,-0.01911594776707291
4,1,14,-20.0,-0.31732709049474683,-0.22581284171528945,0.004188184165112888,1,8,1.986076247465845e-05,4.484815213035009e-06,1,,-0.007383522960576781,-0.041943403058973434
5,1,0,-1.0,-0.005811162777964344,-0.0003047040656990467,1.5160543774941276e-05,1,7,7.6074951220619845e-06,2.3180523280497307e-09,1,,-1.6704806885869017e-06,-1.4810394500279663e-10
5,1,1,-2.357142857142857,-0.005974064898636422,-0.0011792455966745192,1.1495140205553848e-05,1,8,7.891433737863538e-06,9.306011924600788e-09,1,,-1.3151443977024297e-05,-1.9073401050539244e-09
5,1,2,-3.7142857142857144,0.003125533943907826,-0.0034107695551910022,2.1361647090173e-05,1,10,3.7454024492369554e-06,1.2774752492384495e-08,1,,8.109588609214062e-05,1.9195363111213915e-08
5,1,3,-5.071428571428571,-0.006207163048749283,-0.009157009463930249,4.350817328789975e-06,1,11,3.825162161559177e-06,3.502718009910921e-08,1,,0.0001293279090314118,5.1279843034608376e-08
5,1,4,-6.428571428571429,-0.01158881227697504,-0.023167123382124958,6.702880103557584e-05,1,12,2.931633606644604e-06,6.791771658617995e-08,1,,0.0015254131029369307,1.0419405559043286e-06
5,1,5,-7.7857142857142865,-0.025026392834663787,-0.052656398386606025,0.00038170941171885355,1,12,2.8282456003365606e-06,1.4892564826479715e-07,1,,0.008386347713259372,1.1031226051514457e-05
5,1,6,-9.142857142857142,-0.05269317406115371,-0.09902660379479387,0.0010733933182782143,1,12,3.8693896312968704e-07,3.8317266221055135e-08,1,,0.021515511082867533,6.578283541297251e-05
5,1,7,-10.5,-0.0882162609813168,-0.14660640080939763,0.0017046991331656006,1,11,1.0940558393664826e-06,1.603955888940245e-07,1,,0.02511770142173532,0.0002268198752625541
5,1,8,-11.857142857142858,-0.13671372542749854,-0.17829668330887866,0.0008645585458466851,1,10,2.5890356689441282e-06,4.6161647274112205e-07,1,,0.010991956553731934,0.0003566049616818139
5,1,9,-13.214285714285715,-0.17290748877088274,-0.19406147294213633,0.00022372825514951563,1,9,5.0537505362887535e-06,9.807382729543068e-07,1,,0.0027134900786383274,0.0003526955384477236
5,1,10,-14.571428571428573,-0.2058941561705718,-0.20119061065402397,1.1066890065518749e-05,1,9,5.863994132612402e-06,1.1797805604119027e-06,1,,-0.00026241382595013096,-0.00014306029432986804
5,1,11,-15.928571428571429,-0.22196567374366694,-0.2049315086860659,0.00014510642683175122,1,9,7.105852198214797e-06,1.4562130114803562e-06,1,,-0.0003949637460334418,-0.0009141696414016664
5,1,12,-17.285714285714285,-0.25258719785485,-0.20791691065781193,0.0009978046320565678,1,9,8.8533543750335e-06,1.8407620906157884e-06,1,,-0.0004222071467976045,-0.004133976703491736
5,1,13,-18.642857142857142,-0.28087475611346674,-0.2115069904504409,0.002406286569208242,1,8,2.064806586733747e-05,4.367210270223021e-06,1,,-0.0002655744958609342,-0.01082988566590642
5,1,14,-20.0,-0.31732709049474683,-0.2166605763718912,0.005067527642719716,1,8,2.3982537864365465e-05,5.1960704765541266e-06,1,,-0.00015620359431427338,-0.02584186319584538
6,2,0,-1.0,-0.005811162777964344,-0.00015372024405852132,1.600332801222345e-05,1,6,7.406278554981001e-06,1.1385033791102336e-09,1,,-8.680027586993748e-07,-1.2101978323931198e-10
6,2,1,-2.357142857142857,-0.005974064898636422,-0.00023565905912913945,1.6464649622384447e-05,1,6,2.2478038459158838e-06,5.29716530134252e-10,1,,-3.1816433662260495e-06,-1.3416321595806936e-09
6,2,2,-3.7142857142857144,0.003125533943907826,-0.00027200209804830426,5.771619460957297e-06,1,5,8.12657815212087e-06,2.210446307330388e-09,1,,3.4276026425952245e-06,4.299124085008872e-09
6,2,3,-5.071428571428571,-0.006207163048749283,-0.0002972449427160402,1.746358595126008e-05,1,7,1.3234460320948345e-05,3.933876399977998e-09,1,,-8.913955302767417e-06,-3.418605021799922e-08
6,2,4,-6.428571428571429,-0.01158881227697504,-0.00032206713619751555,6.346980951918709e-05,1,9,1.1417444796848314e-05,3.677183748414161e-09,1,,-2.3341459126720586e-05,-2.664106411435424e-07
6,2,5,-7.7857142857142865,-0.025026392834663787,-0.00035288991781067344,0.00030439086607706264,1,11,0.0,0.0,1,,-6.77223608249367e-05,-2.193136993721624e-06
6,2,6,-9.142857142857142,-0.05269317406115371,-0.00040089100807627967,0.001367241397640747,1,12,0.0,0.0,1,,-0.00019138285944602656,-1.544073493454928e-05
6,2,7,-10.5,-0.0882162609813168,-0.0004875089452771808,0.0038481671139516957,1,12,0.0,0.0,1,,-0.000448232711581855,-6.708052435659387e-05
6,2,8,-11.857142857142858,-0.13671372542749854,-0.0006268648496252828,0.009259818237538764,1,11,0.0,0.0,1,,-0.0010094366152574752,-0.00016863126675383742
6,2,9,-13.214285714285715,-0.17290748877088274,-0.0007834615057788474,0.014813341184078057,1,9,0.0,0.0,1,,-0.0017780097253152513,-0.0001901130874437037
6,2,10,-14.571428571428573,-0.2058941561705718,-0.000910197683125097,0.02100921156157613,1,9,1.5120530878184857e-06,1.3762692982867766e-09,1,,-0.0027122016847261005,-0.00012701404547862412
6,2,11,-15.928571428571429,-0.22196567374366694,-0.0010065683744899475,0.02441146280747744,1,8,2.8151393629949908e-06,2.833638229659055e-09,1,,-0.003533654749563587,-6.0635693973175344e-05
6,2,12,-17.285714285714285,-0.25258719785485,-0.001089689378703913,0.03162549788862987,1,8,2.4413346507335533e-06,2.660302933455913e-09,1,,-0.004724305347883338,-2.7750407279115605e-05
6,2,13,-18.642857142857142,-0.28087475611346674,-0.0011705889395567865,0.03911720913133005,1,7,5.592256713395367e-06,6.546270464287754e-09,1,,-0.006086252407137334,-1.195220434021016e-05
6,2,14,-20.0,-0.31732709049474683,-0.0012541687339188345,0.049951044030855006,1,7,5.724217765602168e-06,7.179176042928018e-09,1,,-0.007903485340364327,-5.147846044457946e-06
7,2,0,-1.0,-0.005811162777964344,-0.0002939416687075128,1.521986438421467e-05,1,7,7.30057315893359e-06,2.1459583235839547e-09,1,,-1.614886272650204e-06,-1.4667759210437513e-10
7,2,1,-2.357142857142857,-0.005974064898636422,-0.0010837640945726844,1.1957515723092254e-05,1,8,7.13293667151014e-06,7.730475794437766e-09,1,,-1.2340942919964604e-05,-1.8933238124342685e-09
7,2,2,-3.7142857142857144,0.003125533943907826,-0.0029898888547202525,1.8699224841728418e-05,1,9,7.475149697861156e-06,2.235003383884923e-08,1,,6.672424228786453e-05,1.7215514064593393e-08
7,2,3,-5.071428571428571,-0.006207163048749283,-0.0076857636778682615,1.0931480652932489e-06,1,10,7.577581051530561e-06,5.823993852981102e-08,1,,5.4256473204202314e-05,2.4389531175195406e-08
7,2,4,-6.428571428571429,-0.01158881227697504,-0.01882160055674174,2.6156797565343703e-05,1,11,6.322359365773911e-06,1.1899767490483604e-07,1,,0.000791791463990612,6.181199475164752e-07
7,2,5,-7.7857142857142865,-0.025026392834663787,-0.04247202017909662,0.0001521754358239185,1,12,3.0645821927636854e-06,1.3015939561572543e-07,1,,0.004560569462361661,6.788804209537481e-06
7,2,6,-9.142857142857142,-0.05269317406115371,-0.08253714659014995,0.00044533179460611743,1,12,1.1294692241171734e-06,9.322327221283899e-08,1,,0.013374032147958629,4.408259233043603e-05
7,2,7,-10.5,-0.0882162609813168,-0.129996805660824,0.0008728046655923137,1,11,5.415476331775618e-07,7.039946242626272e-08,1,,0.020618530093583064,0.00018543751366886395
7,2,8,-11.857142857142858,-0.13671372542749854,-0.16737688896615113,0.00047010620222715064,1,10,2.6696556452949927e-06,4.4683865652039856e-07,1,,0.010938558129555208,0.00032807466292381846
7,2,9,-13.214285714285715,-0.17290748877088274,-0.1887766823726129,0.00012590208628882895,1,9,5.7733882008996735e-06,1.0898810706150286e-06,1,,0.0030940002354134955,0.0003523219044061774
7,2,10,-14.571428571428573,-0.2058941561705718,-0.19945202396393732,2.0758765035469196e-05,1,9,7.031363141943568e-06,1.4024196098860742e-06,1,,-0.000594617658432169,-0.00027315139335204144
7,2,11,-15.928571428571429,-0.22196567374366694,-0.2053830221088694,0.00013752206715574155,1,9,8.676058166285093e-06,1.7819150461839683e-06,1,,-0.0006805187456506872,-0.0012829727372897168
7,2,12,-17.285714285714285,-0.25258719785485,-0.2101973767982753,0.0008986487765718232,1,8,2.0245772243403776e-05,4.255608216818807e-06,1,,-0.0007536042127090584,-0.005791176558121923
7,2,13,-18.642857142857142,-0.28087475611346674,-0.21599718952333202,0.0021049654046557576,1,8,2.382183650748082e-05,5.145449734900165e-06,1,,-0.0004962554760470405,-0.015157044691816583
7,2,14,-20.0,-0.31732709049474683,-0.22429083378155473,0.004328620960043775,1,8,2.2892986693934667e-05,5.134687073332644e-06,1,,-0.0003072036331138686,-0.03568907765064852
8,2,0,-1.0,-0.005811162777964344,-0.00021258483798707406,1.567203747500015e-05,1,7,4.935420036860315e-06,1.049200647180006e-09,1,,-1.186583048634211e-06,-1.3401926658553763e-10
8,2,1,-2.357142857142857,-0.005974064898636422,-0.0005057785804486657,1.495107384031044e-05,1,7,5.830976958423712e-06,2.9492004453802664e-09,1,,-6.486967919745291e-06,-1.6497125008222503e-09
8,2,2,-3.7142857142857144,0.003125533943907826,-0.0009049807969071621,8.122528532390823e-06,1,8,3.2248276201023434e-06,2.9184164809185204e-09,1,,1.3427113307393308e-05,7.727618614786223e-09
8,2,3,-5.071428571428571,-0.006207163048749283,-0.0015292096711630268,1.0941613015094672e-05,1,8,4.2538781365778835e-06,6.505099258303365e-09,1,,-3.575516240259595e-05,-4.6396126067152806e-08
8,2,4,-6.428571428571429,-0.01158881227697504,-0.0025460521261756355,4.088571745364264e-05,1,8,4.917906797461189e-06,1.2521308636638528e-08,1,,-0.00014598985086174176,-4.2391170092098185e-07
8,2,5,-7.7857142857142865,-0.025026392834663787,-0.004218874327540545,0.00021647643231658155,1,9,3.3262119827410947e-07,1.403287500957584e-09,1,,-0.0006692498245595325,-4.3634445114411235e-06
8,2,6,-9.142857142857142,-0.05269317406115371,-0.006977512241054206,0.0010449616186378858,1,9,3.947257931836586e-06,2.754204053798809e-08,1,,-0.0028176250173716244,-4.08737868719066e-05
8,2,7,-10.5,-0.0882162609813168,-0.011543680809936984,0.002939352343181907,1,8,2.0264310631551752e-05,2.33924733764046e-07,1,,-0.008782041961447768,-0.00027742221388365443
8,2,8,-11.857142857142858,-0.13671372542749854,-0.019185046479630874,0.006906514188554428,1,10,1.661396975444079e-05,3.187397819501281e-07,1,,-0.02437270096612949,-0.0016050154751267403
8,2,9,-13.214285714285715,-0.17290748877088274,-0.03221475243672691,0.009897247549357441,1,11,9.683445435462653e-06,3.1194979743798257e-07,1,,-0.051570686784142575,-0.0064061947847110015
8,2,10,-14.571428571428573,-0.2058941561705718,-0.0546007510882858,0.011444910016949517,1,9,2.8382070837139854e-06,1.5496867834807748e-07,1,,-0.09487843836783864,-0.018700659442050165
8,2,11,-15.928571428571429,-0.22196567374366694,-0.09110441607577378,0.00856231677888699,1,12,4.767913886614823e-06,4.343800816264398e-07,1,,-0.1311714038827267,-0.032158996872335276
8,2,12,-17.285714285714285,-0.25258719785485,-0.14260186679917145,0.006048365417074004,1,12,3.470859591984203e-06,4.949527751263449e-07,1,,-0.15532433725685812,-0.03676575394868586
8,2,13,-18.642857142857142,-0.28087475611346674,-0.2020033577405351,0.0031103402087067217,1,12,1.245676891055621e-06,2.516312281042321e-07,1,,-0.13261201702886224,-0.025040275251297622
8,2,14,-20.0,-0.31732709049474683,-0.2586018305569082,0.0017243194889950463,1,11,1.2156386128713186e-06,3.1436675274054693e-07,1,,-0.09924772457793651,-0.013514108086561404
9,2,0,-1.0,-0.005811162777964344,-0.00026682738782208046,1.5369827459192062e-05,1,7,6.522215497354172e-06,1.7403170746947e-09,1,,-1.4737226974828183e-06,-1.4285475950837938e-10
9,2,1,-2.357142857142857,-0.005974064898636422,-0.0008633234359350951,1.3059835314184638e-05,1,8,5.371680899768643e-06,4.637522922428493e-09,1,,-1.0300227413692923e-05,-1.8391556844606925e-09
9,2,2,-3.7142857142857144,0.003125533943907826,-0.002095101774905393,1.3627530989677065e-05,1,9,4.888007502210415e-06,1.02409232513416e-08,1,,4.000375004737558e-05,1.3130435194522361e-08
9,2,3,-5.071428571428571,-0.006207163048749283,-0.004770797628178944,1.031565174582268e-06,1,10,4.495811887385793e-06,2.1448705118422284e-08,1,,-3.272781957228582e-05,-2.0480895367982922e-08
9,2,4,-6.428571428571429,-0.01158881227697504,-0.010546422921941622,5.432773377001853e-07,1,11,3.781297879648015e-06,3.987931742818751e-08,1,,-6.474782372606141e-05,-7.590649953232256e-08
9,2,5,-7.7857142857142865,-0.025026392834663787,-0.022461312584673373,3.289726726617301e-06,1,11,6.286378558589002e-06,1.412012014742614e-07,1,,-0.0003953051150114818,-8.77090262945646e-07
9,2,6,-9.142857142857142,-0.05269317406115371,-0.04472542796355809,3.1742269125236204e-05,1,12,2.55179589628067e-06,1.141304547744304e-07,1,,-0.0025376515586508974,-1.1564652175119417e-05
9,2,7,-10.5,-0.0882162609813168,-0.07952627176923074,3.775789002631471e-05,1,12,7.925843676645669e-07,6.30313297805829e-08,1,,-0.004421154594664583,-4.6523636452258465e-05
9,2,8,-11.857142857142858,-0.13671372542749854,-0.12133637347433482,0.00011823288155680882,1,11,1.086204897919491e-06,1.317961631636111e-07,1,,-0.00905062590227038,-0.0002545034673339072
9,2,9,-13.214285714285715,-0.17290748877088274,-0.15875276146655154,0.00010018521291269183,1,10,4.94741783043312e-06,7.85416242710113e-07,1,,-0.0069482681139570335,-0.000605049459546292
9,2,10,-14.571428571428573,-0.2058941561705718,-0.1856437243735635,0.00020507660988192155,1,9,1.2221410710798418e-05,2.268828201451578e-06,1,,-0.006512400130728174,-0.0019345431195508962
9,2,11,-15.928571428571429,-0.22196567374366694,-0.2044587350131143,0.0001532983415576763,1,9,1.4035442809408431e-05,2.8696688821605587e-06,1,,-0.0032053586140568416,-0.0033557787825088292
9,2,12,-17.285714285714285,-0.25258719785485,-0.22078649283028043,0.0005057699834051081,1,9,1.165105103791763e-05,2.5723946964484323e-06,1,,-0.0031096797270123264,-0.01116556069052499
9,2,13,-18.642857142857142,-0.28087475611346674,-0.23947723669769386,0.0008570487344008435,1,9,1.4183749028042382e-06,3.396685023249191e-07,1,,-0.002120964202772395,-0.0240867355776873
9,2,14,-20.0,-0.31732709049474683,-0.2633111287085879,0.0014589251155054112,1,10,6.677221124191928e-06,1.7581983707271043e-06,1,,-0.001450297964585527,-0.04582986844331953
10,3,0,-1.0,-0.005811162777964344,-0.0002218045906662547,1.5620462472958173e-05,1,7,4.974174920671701e-06,1.1033003201907192e-09,1,,-1.2358691828235836e-06,-1.7484890158338746e-10
10,3,1,-2.357142857142857,-0.005974064898636422,-0.0005590078137648929,1.4661417981835679e-05,1,7,5.656408956100596e-06,3.1619946898450366e-09,1,,-7.097092918272433e-06,-3.0683607318207177e-09
10,3,2,-3.7142857142857144,0.003125533943907826,-0.0010596948726626625,8.758077588085392e-06,1,7,5.866990547911958e-06,6.217256278166425e-09,1,,1.632632183106468e-05,2.1552294470301397e-08
10,3,3,-5.071428571428571,-0.006207163048749283,-0.0018987378054022028,9.281270607326743e-06,1,8,1.0989315436231638e-06,2.086582867426301e-09,1,,-4.0852471060548764e-05,-1.6451211330385856e-07
10,3,4,-6.428571428571429,-0.01158881227697504,-0.0033636337723202225,3.382708175368338e-05,1,7,2.3259195363403374e-05,7.823541504133752e-08,1,,-0.0001749245793138,-2.099286580929042e-06
10,3,5,-7.7857142857142865,-0.025026392834663787,-0.005998951952403961,0.000181022162922251,1,11,8.447708805611605e-06,5.0677399232763876e-08,1,,-0.0008637079379326668,-2.9971495436953204e-05
10,3,6,-9.142857142857142,-0.05269317406115371,-0.011012981332359378,0.0008686208954261106,1,12,8.223644357846325e-06,9.056684179692409e-08,1,,-0.003991133784137906,-0.00035160752481996037
10,3,7,-10.5,-0.0882162609813168,-0.021353642537210858,0.0022353084320713744,1,12,4.422174480264615e-06,9.44295330887468e-08,1,,-0.01373778039574494,-0.0022851369602905906
10,3,8,-11.857142857142858,-0.13671372542749854,-0.042568607771866385,0.004431641625555111,1,11,9.398659470656962e-06,4.000916089125228e-07,1,,-0.0409162874757055,-0.007798672112340606
10,3,9,-13.214285714285715,-0.17290748877088274,-0.0788685873835273,0.0044216444790055286,1,12,4.7386385570553145e-06,3.7373150009456513e-07,1,,-0.07627248071095091,-0.009908113387071952
10,3,10,-14.571428571428573,-0.2058941561705718,-0.12843493901444886,0.0029999531976425656,1,12,3.091140817862498e-06,3.9701170964634436e-07,1,,-0.09650234130144798,-0.006246371604350463
10,3,11,-15.928571428571429,-0.22196567374366694,-0.18591051306088563,0.0006499832747656388,1,12,1.479558036754778e-06,2.750658006922535e-07,1,,-0.056671853619201205,-0.0016564389419380142
10,3,12,-17.285714285714285,-0.25258719785485,-0.24388220880387956,3.7886894228434406e-05,1,11,1.6558854365045064e-06,4.038416664964295e-07,1,,-0.014359757840134402,-0.00019248858440555066
10,3,13,-18.642857142857142,-0.28087475611346674,-0.29462858686305854,9.458289820666411e-05,1,11,0.0,0.0,1,,0.02022184750721532,0.00013117765350417293
10,3,14,-20.0,-0.31732709049474683,-0.3336001620492447,0.0001324048910893386,1,10,0.0,0.0,1,,0.01866725154874909,6.195723522228181e-05
11,3,0,-1.0,-0.005811162777964344,-0.0002532950826412474,1.5444946659358115e-05,1,7,6.075572917374861e-06,1.5389220940327866e-09,1,,-1.402688832456606e-06,-1.5124795982663086e-10
11,3,1,-2.357142857142857,-0.005974064898636422,-0.0007638922663775324,1.357294632254836e-05,1,8,4.458763348866179e-06,3.406030026488309e-09,1,,-9.302344571267357e-06,-2.1332071790114904e-09
11,3,2,-3.7142857142857144,0.003125533943907826,-0.0017295695526100775,1.178602262596627e-05,1,9,3.6405105816968488e-06,6.296539180675187e-09,1,,3.05839129173537e-05,1.4972211714869015e-08
11,3,3,-5.071428571428571,-0.006207163048749283,-0.003683638107507437,3.184070911091926e-06,1,9,7.235294216896811e-06,2.6652398334332805e-08,1,,-4.5909676278755785e-05,-4.766201640784774e-08
11,3,4,-6.428571428571429,-0.01158881227697504,-0.0076631013631562675,7.705555945639832e-06,1,10,5.767771827550156e-06,4.419927508540755e-08,1,,-0.0001847506648814848,-4.113585304037656e-07
11,3,5,-7.7857142857142865,-0.025026392834663787,-0.015575918582767604,4.465558002177907e-05,1,11,3.8837826603643734e-06,6.049371745545096e-08,1,,-0.0010563154193363106,-5.108374859987669e-06
11,3,6,-9.142857142857142,-0.05269317406115371,-0.030457553269108623,0.0002472105688394208,1,11,4.9144445561055955e-06,1.4968269246296018e-07,1,,-0.005270469432946621,-5.7334555049111474e-05
11,3,7,-10.5,-0.0882162609813168,-0.05573536783928429,0.0005275042985242994,1,12,4.918485387330317e-07,2.7413372710727302e-08,1,,-0.013890335608566316,-0.00035961172533965425
11,3,8,-11.857142857142858,-0.13671372542749854,-0.09240804956321298,0.0009815020654036265,1,11,1.9510569876580012e-06,1.802933708161536e-07,1,,-0.027308465970429192,-0.0018149766927612625
11,3,9,-13.214285714285715,-0.17290748877088274,-0.13645089974598024,0.0006645703235166539,1,10,8.49458017142816e-06,1.1590931073557353e-06,1,,-0.024882514560103357,-0.0045565724009110214
11,3,10,-14.571428571428573,-0.2058941561705718,-0.18236793225576853,0.0002767740122673122,1,10,6.184711111716847e-06,1.1278929770430768e-06,1,,-0.013998194843620028,-0.007156444435011607
11,3,11,-15.928571428571429,-0.22196567374366694,-0.22899795278859117,2.4718733644233234e-05,1,10,5.166501804082547e-06,1.1831244488280657e-06,1,,0.0030833278068192345,0.004025029499178024
11,3,12,-17.285714285714285,-0.25258719785485,-0.27677310367119895,0.00029247799228723044,1,11,4.575641306998301e-06,1.2664202405088254e-06,1,,0.00703551508210177,0.01948247343595253
11,3,13,-18.642857142857142,-0.28087475611346674,-0.3213463220633921,0.0008189779207400046,1,11,2.287199817894094e-06,7.349849303617262e-07,1,,0.0072165896983449815,0.03369619121058189
11,3,14,-20.0,-0.31732709049474683,-0.35590507659204507,0.0007441369462428042,1,10,2.071618201758718e-06,7.373009621725046e-07,1,,0.00393554338481464,0.025264336337925488
12,3,0,-1.0,-0.005811162777964344,-0.00026077163570418827,1.540342091604008e-05,1,7,6.32393219390871e-06,1.6491125711640305e-09,1,,-1.441983320854877e-06,-1.4650048866900314e-10
12,3,1,-2.357142857142857,-0.005974064898636422,-0.0008179677201497283,1.3292665550551292e-05,1,8,4.961654041126002e-06,4.0584929810296225e-09,1,,-9.851044497265836e-06,-1.9641870041366925e-09
12,3,2,-3.7142857142857144,0.003125533943907826,-0.0019252740688203663,1.2755340851229444e-05,1,9,4.324029496375419e-06,8.324977859635804e-09,1,,3.561169146543575e-05,1.390163335514532e-08
12,3,3,-5.071428571428571,-0.006207163048749283,-0.0042571026460483195,1.9013596149394215e-06,1,10,3.8348605534338815e-06,1.6325457615103123e-08,1,,-3.992634108115389e-05,-3.1483639016306516e-08
12,3,4,-6.428571428571429,-0.01158881227697504,-0.009165239268975927,2.936834903398163e-06,1,11,3.151034355225435e-06,2.8880074812512313e-08,1,,-0.00013489547057196876,-2.074882674331814e-07
12,3,5,-7.7857142857142865,-0.025026392834663787,-0.01914013654765356,1.7323850454127684e-05,1,11,5.321216159403289e-06,1.0184934585294458e-07,1,,-0.0007925830591409433,-2.4692276794997496e-06
12,3,6,-9.142857142857142,-0.05269317406115371,-0.03788658804035582,0.00010961717250216729,1,12,2.3387392364053923e-06,8.860705721230877e-08,1,,-0.004175000599866227,-2.7849506463839495e-05
12,3,7,-10.5,-0.0882162609813168,-0.06842777701385447,0.000195791891287728,1,12,9.147902256082234e-07,6.259711883560559e-08,1,,-0.009470635208830087,-0.00014768718378005638
12,3,8,-11.857142857142858,-0.13671372542749854,-0.10845014597317,0.0003994176892974494,1,11,1.1754197344428636e-06,1.2747444178007328e-07,1,,-0.017310669044435883,-0.0007119214901139022
12,3,9,-13.214285714285715,-0.17290748877088274,-0.14909187867216883,0.0002836067019252071,1,10,6.71728312519536e-06,1.0014923607082338e-06,1,,-0.013744554837344259,-0.001687977975897697
12,3,10,-14.571428571428573,-0.2058941561705718,-0.1831956542219508,0.00025766657361807826,1,9,1.5921885992128126e-05,2.9168203207752263e-06,1,,-0.009617940219547082,-0.003814587735654008
12,3,11,-15.928571428571429,-0.22196567374366694,-0.21167679844978818,5.296852947142766e-05,1,9,1.1865646766225805e-05,2.5116821190107608e-06,1,,-0.0027458202560527835,-0.0035151448182891196
12,3,12,-17.285714285714285,-0.25258719785485,-0.23999804432599006,7.928934719482564e-05,1,9,3.851855637009261e-06,9.244413807230067e-07,1,,-0.001967255245899215,-0.007465943681799625
12,3,13,-18.642857142857142,-0.28087475611346674,-0.27215721981287405,3.800036434396723e-05,1,11,4.1130007964318904e-06,1.1193874658865788e-06,1,,-0.0007743978670293007,-0.007429297955641368
12,3,14,-20.0,-0.31732709049474683,-0.30715339207551384,5.175131823420578e-05,1,11,3.5978614827956715e-06,1.1050993346528593e-06,1,,-0.0005030732407681153,-0.010030173374882396
13,4,0,-1.0,-0.005811162777964344,-0.000271314913196235,1.534495718238797e-05,1,7,6.593417096032905e-06,1.7889041820681566e-09,1,,-1.4972050375385836e-06,-1.553028542265468e-10
13,4,1,-2.357142857142857,-0.005974064898636422,-0.0008978572466091438,1.2883938100449618e-05,1,8,5.5345584760562515e-06,4.96927093722975e-09,1,,-1.0636003955365252e-05,-2.2282519778487338e-09
13,4,2,-3.7142857142857144,0.003125533943907826,-0.0022279260065120148,1.4329780335092939e-05,1,9,5.111579376367173e-06,1.1388278839050137e-08,1,,4.358097732623056e-05,1.8405965358171205e-08
13,4,3,-5.071428571428571,-0.006207163048749283,-0.005183059255038683,5.243882670060859e-07,1,10,4.739483650780827e-06,2.4565141026368364e-08,1,,-2.5223447211816857e-05,-2.2339155308358896e-08
13,4,4,-6.428571428571429,-0.01158881227697504,-0.011680274468575991,4.183686843611237e-09,1,11,3.9480249174208295e-06,4.611419670424999e-08,1,,5.82009974854186e-06,1.135279031279889e-08
13,4,5,-7.7857142857142865,-0.025026392834663787,-0.02522928366741866,2.0590187338464494e-08,1,11,6.3191705733983785e-06,1.5942915439909333e-07,1,,2.683099866484908e-05,1.305704130091438e-07
13,4,6,-9.142857142857142,-0.05269317406115371,-0.05043796710823642,2.5429287089182686e-06,1,12,2.0548130231921216e-06,1.0364080463981518e-07,1,,-0.0007777059198787329,-6.787188517319549e-06
13,4,7,-10.5,-0.0882162609813168,-0.08877610525245003,1.5670160370484977e-07,1,12,1.3812085550230536e-07,1.2261831605631102e-08,1,,0.00028741278346652133,6.654734172959113e-06
13,4,8,-11.857142857142858,-0.13671372542749854,-0.13279601127400156,7.67507715708197e-06,1,11,2.964567759004805e-06,3.936827735473436e-07,1,,-0.0022221270819050344,-0.00015141129938207895
13,4,9,-13.214285714285715,-0.17290748877088274,-0.17123265287170725,1.4041279971381103e-06,1,10,8.144425832027499e-06,1.3945916413349302e-06,1,,-0.0007446401916240627,-0.00017243269858162197
13,4,10,-14.571428571428573,-0.2058941561705718,-0.20116399555438738,1.1202403107308232e-05,1,9,1.5108989699693601e-05,3.0393847367804483e-06,1,,-0.001326953485389454,-0.001096080250437278
13,4,11,-15.928571428571429,-0.22196567374366694,-0.2280597285057252,1.854402793107269e-05,1,9,4.8979138011422055e-06,1.117016891732936e-06,1,,0.0009655959655223353,0.0027051731253191023
13,4,12,-17.285714285714285,-0.25258719785485,-0.25818375105075847,1.5653378406563294e-05,1,10,6.805201586189595e-06,1.7570044289483278e-06,1,,0.0004822662472755763,0.00398929864143648
13,4,13,-18.642857142857142,-0.28087475611346674,-0.2931331816053321,7.51338034962818e-05,1,11,4.3531385569638206e-06,1.2760549100154783e-06,1,,0.0005644987367340071,0.011259029389462025
13,4,14,-20.0,-0.31732709049474683,-0.32841734179546883,6.149799223722008e-05,1,11,2.2563452143709735e-06,7.410245694838835e-07,1,,0.00026614517385343894,0.010258629883400608
14,5,0,-1.0,-0.005811162777964344,-0.000274108035561949,1.532948761018051e-05,1,7,6.681977024069353e-06,1.8315958344190114e-09,1,,-1.511791362368725e-06,-1.5415400922247918e-10
14,5,1,-2.357142857142857,-0.005974064898636422,-0.0009197308161826092,1.2773142390644919e-05,1,8,5.727171037790237e-06,5.267485860796679e-09,1,,-1.0845350954512217e-05,-2.18262701212497e-09
14,5,2,-3.7142857142857144,0.003125533943907826,-0.0023134471104661815,1.4791272351778335e-05,1,9,5.387887857498273e-06,1.2464660753639528e-08,1,,4.594667479112329e-05,1.821966966276126e-08
14,5,3,-5.071428571428571,-0.006207163048749283,-0.005452195581325729,2.8498301833022007e-07,1,10,5.070927882733757e-06,2.76478307956185e-08,1,,-1.9488410984128776e-05,-1.58830971871432e-08
14,5,4,-6.428571428571429,-0.01158881227697504,-0.01242621660822587,3.506335694053457e-07,1,11,4.255021453219241e-06,5.287404323053857e-08,1,,6.03162567970807e-05,9.926117842796758e-08
14,5,5,-7.7857142857142865,-0.025026392834663787,-0.027038610707563422,2.0245434304288355e-06,1,12,2.5926288947153608e-06,7.010126513995463e-08,1,,0.00036254044273536476,1.2236846535788172e-06
14,5,6,-9.142857142857142,-0.05269317406115371,-0.054036705806463324,9.02570859007373e-07,1,12,2.0628729940300077e-06,1.1147109104520103e-07,1,,0.0004766315231142512,3.7094836496195463e-06
14,5,7,-10.5,-0.0882162609813168,-0.09405099694096235,1.7022084724811748e-05,1,11,1.309900558723031e-06,1.2319761481804914e-07,1,,0.0031157613708478887,6.191902111072341e-05
14,5,8,-11.857142857142858,-0.13671372542749854,-0.13791776647952406,7.246125534643949e-07,1,11,2.7251774383993175e-06,3.7585038556442463e-07,1,,0.0006422241592854062,3.989412128834479e-05
14,5,9,-13.214285714285715,-0.17290748877088274,-0.17397551620228818,5.694133874390172e-07,1,10,7.330110707159117e-06,1.2752597940979271e-06,1,,0.0004263366088377733,9.138384121663979e-05
14,5,10,-14.571428571428573,-0.2058941561705718,-0.20022606625983946,1.6080409381361267e-05,1,9,1.5028137809965436e-05,3.009024916900138e-06,1,,-0.0013808978526355388,-0.0010827274723837499
14,5,11,-15.928571428571429,-0.22196567374366694,-0.22254595823264312,1.6599827483985322e-07,1,9,9.66997228022779e-06,2.1520132471863906e-06,1,,7.584072754002107e-05,0.00021150512610518517
14,5,12,-17.285714285714285,-0.25258719785485,-0.24746883857992938,1.31077688355442e-05,1,10,2.89662301237339e-06,7.168260090506529e-07,1,,-0.00035538016949476634,-0.003191671442033805
14,5,13,-18.642857142857142,-0.28087475611346674,-0.27808061747106455,3.904355718123457e-06,1,11,4.280340249228613e-06,1.1902847543154849e-06,1,,-0.00010092482456340441,-0.0024359684711485028
14,5,14,-20.0,-0.31732709049474683,-0.312142817548959,1.3437907341312487e-05,1,11,3.379750205061705e-06,1.0549683171490187e-06,1,,-9.636652512592738e-05,-0.005108210719737041
15,6,0,-1.0,-0.005811162777964344,-0.0002729086827737335,1.5336129211447867e-05,1,7,6.645516485211711e-06,1.8136312028463157e-09,1,,-1.5055298476462406e-06,-1.5433468068245597e-10
15,6,1,-2.357142857142857,-0.005974064898636422,-0.0009103011579285812,1.2820847557138489e-05,1,8,5.64741788183772e-06,5.140880069841487e-09,1,,-1.0755377154676487e-05,-2.1916832206075334e-09
15,6,2,-3.7142857142857144,0.003125533943907826,-0.00227643620054646,1.4590655071298183e-05,1,9,5.273403931760597e-06,1.2004630915631725e-08,1,,4.4916619790064474e-05,1.816257362476725e-08
15,6,3,-5.071428571428571,-0.006207163048749283,-0.005335300980254544,3.800662855423695e-07,1,10,4.934192078492595e-06,2.6325529728365993e-08,1,,-2.2058273375766073e-05,-1.8440612806544314e-08
15,6,4,-6.428571428571429,-0.01158881227697504,-0.012101290808260536,1.3132327369705655e-07,1,11,4.1309014893545175e-06,4.9989446724435505e-08,1,,3.355194688812426e-05,6.110341164811622e-08
15,6,5,-7.7857142857142865,-0.025026392834663787,-0.026249480400296538,7.479907773117035e-07,1,12,2.5355816670252124e-06,6.655787003484459e-08,1,,0.00021001342824788702,7.51722430191646e-07
15,6,6,-9.142857142857142,-0.05269317406115371,-0.052469725522809534,2.495936506449478e-08,1,12,2.0786510502147e-06,1.0906647677361159e-07,1,,-6.3497445298886e-05,-6.246487216707956e-07
15,6,7,-10.5,-0.0882162609813168,-0.09176132779578405,6.283678362271141e-06,1,12,1.434243024649299e-07,1.3160804432366113e-08,1,,0.0018726296064633975,3.8719091787386997e-05
15,6,8,-11.857142857142858,-0.13671372542749854,-0.13567228041843918,5.425164845375709e-07,1,11,2.7780343416483104e-06,3.769022542121636e-07,1,,-0.0005656371984138239,-3.6023630244790984e-05
15,6,9,-13.214285714285715,-0.17290748877088274,-0.17263113485054243,3.843201326307208e-08,1,10,7.593526246791657e-06,1.310879053501024e-06,1,,-0.00010737966721040145,-2.4845065655473334e-05
15,6,10,-14.571428571428573,-0.2058941561705718,-0.20017598208873644,1.6366122193491215e-05,1,9,1.5189489943653991e-05,3.0405710668979236e-06,1,,-0.001476731086673368,-0.001159569267431757
15,6,11,-15.928571428571429,-0.22196567374366694,-0.22398618683291066,2.0329543048066592e-06,1,9,8.452868300417391e-06,1.8933257384112778e-06,1,,0.00028700281215917456,0.0007901127684648787
15,6,12,-17.285714285714285,-0.25258719785485,-0.2505663093269579,2.045284962993131e-06,1,10,4.1345338950556964e-06,1.035979182162361e-06,1,,-0.00015305477720003012,-0.0013092260657319628
15,6,13,-18.642857142857142,-0.28087475611346674,-0.28264391924720506,1.5646267884174869e-06,1,11,4.409870864089704e-06,1.2464286809898972e-06,1,,7.030966411460403e-05,0.0015553138456072706
15,6,14,-20.0,-0.31732709049474683,-0.31729381025927417,5.505273343737381e-10,1,11,3.035222959256606e-06,9.630603808319371e-07,1,,-4.0270578667142046e-07,-1.3875251845419817e-05
16,7,0,-1.0,-0.005811162777964344,-0.0002728742964094411,1.5336319652461937e-05,1,7,6.644521359693687e-06,1.8131311383924945e-09,1,,-1.5053502707409978e-06,-1.5432952293991752e-10
16,7,1,-2.357142857142857,-0.005974064898636422,-0.0009100316055369522,1.2822212544844054e-05,1,8,5.645239477745724e-06,5.13737534728765e-09,1,,-1.0752798438103165e-05,-2.1915969028928582e-09
16,7,2,-3.7142857142857144,0.003125533943907826,-0.002275381209233536,1.4584956581276468e-05,1,9,5.270289425981817e-06,1.1991980728310453e-08,1,,4.488739394598098e-05,1.8156430778737454e-08
16,7,3,-5.071428571428571,-0.006207163048749283,-0.005331977061106923,3.829697944011657e-07,1,10,4.9304936977866115e-06,2.6289408916295443e-08,1,,-2.2129561054128393e-05,-1.8507473782479822e-08
16,7,4,-6.428571428571429,-0.01158881227697504,-0.012092065329032488,1.266378493855639e-07,1,11,4.127584584748772e-06,4.991122846270679e-08,1,,3.2927690267402615e-05,5.999088874159063e-08
16,7,5,-7.7857142857142865,-0.025026392834663787,-0.026227058593240593,7.208179377930085e-07,1,12,2.5341495287505513e-06,6.646345660291098e-08,1,,0.00020602022534388446,7.378041056670419e-07
16,7,6,-9.142857142857142,-0.05269317406115371,-0.052424959182834185,3.5963298262727106e-08,1,12,2.0794246308171197e-06,1.0901397808071867e-07,1,,-7.619634858830026e-05,-7.497481912847461e-07
16,7,7,-10.5,-0.0882162609813168,-0.09169496384100113,6.05061733017921e-06,1,12,1.4161131219325316e-07,1.2985044151037073e-08,1,,0.0018373339572667425,3.800010655442051e-05
16,7,8,-11.857142857142858,-0.13671372542749854,-0.135604903237884,6.149696094131338e-07,1,11,2.777962511032265e-06,3.7670533750699953e-07,1,,-0.0006025101165539015,-3.83712955987846e-05
16,7,9,-13.214285714285715,-0.17290748877088274,-0.17258570843165402,5.2058017152962554e-08,1,10,7.598064903607833e-06,1.3113174140988448e-06,1,,-0.00012510797310285823,-2.8936784993820735e-05
16,7,10,-14.571428571428573,-0.2058941561705718,-0.20016089599265988,1.6452550909442672e-05,1,9,1.5192929526401431e-05,3.041030386757848e-06,1,,-0.00148299894734173,-0.0011636568586246533
16,7,11,-15.928571428571429,-0.22196567374366694,-0.22400221155695463,2.0653958626206056e-06,1,9,8.43281210098645e-06,1.888968560265214e-06,1,,0.0002898634457492443,0.0007970877232736233
16,7,12,-17.285714285714285,-0.25258719785485,-0.25061323909132005,1.9514655872426543e-06,1,10,4.154257990374847e-06,1.0411163760548625e-06,1,,-0.00014985180866087852,-0.0012797008769742375
16,7,13,-18.642857142857142,-0.28087475611346674,-0.2827161402261336,1.6949935899790517e-06,1,11,4.411135557941596e-06,1.2471047201034757e-06,1,,7.349800432771548e-05,0.001637628585107891
16,7,14,-20.0,-0.31732709049474683,-0.31737528747738103,1.1662149188595628e-09,1,11,3.02952291323808e-06,9.61498618390344e-07,1,,5.876094475123796e-07,2.0167559726027976e-05
17,8,0,-1.0,-0.005811162777964344,-0.0002728696980547039,1.5336345119487584e-05,1,7,6.644388626129669e-06,1.813064364874356e-09,1,,-1.5053262563525694e-06,-1.5432875550580097e-10
17,8,1,-2.357142857142857,-0.005974064898636422,-0.0009099955626886495,1.282239506791057e-05,1,8,5.6449489510532785e-06,5.136907494643003e-09,1,,-1.0752453598793444e-05,-2.191582757360119e-09
17,8,2,-3.7142857142857144,0.003125533943907826,-0.002275240154676878,1.4584194765537287e-05,1,9,5.2698741729866266e-06,1.1990292515806633e-08,1,,4.488348695182351e-05,1.8155575568632406e-08
17,8,3,-5.071428571428571,-0.006207163048749283,-0.005331532678156837,3.8335880894878355e-07,1,10,4.930000751201443e-06,2.6284589691415172e-08,1,,-2.2139084139154922e-05,-1.8516363345803667e-08
17,8,4,-6.428571428571429,-0.01158881227697504,-0.012090831997092166,1.2601791599359632e-07,1,11,4.127142853515774e-06,4.9900796817575754e-08,1,,3.28442903426431e-05,5.984200003259064e-08
17,8,5,-7.7857142857142865,-0.025026392834663787,-0.026224060936975272,7.17223197501741e-07,1,12,2.533959749428041e-06,6.645088326470705e-08,1,,0.00020548675895852922,7.359408283014038e-07
17,8,6,-9.142857142857142,-0.05269317406115371,-0.05241897282678893,3.758670550333433e-08,1,12,2.0795309475096e-06,1.0900710291361637e-07,1,,-7.789389453874636e-05,-7.664721092412763e-07
17,8,7,-10.5,-0.0882162609813168,-0.09168608381522914,6.019765991825086e-06,1,12,1.413641396273194e-07,1.296112435433816e-08,1,,0.0018326115994233127,3.79036865509359e-05
17,8,8,-11.857142857142858,-0.13671372542749854,-0.13559587257419672,6.250256143892986e-07,1,11,2.77794075025501e-06,3.766772999902468e-07,1,,-0.0006074546822824663,-3.86858927695745e-05
17,8,9,-13.214285714285715,-0.17290748877088274,-0.17257958353090772,5.4053101263695495e-08,1,10,7.598649119404225e-06,1.3113717004242798e-06,1,,-0.000127501004486497,-2.9488725297117128e-05
17,8,10,-14.571428571428573,-0.2058941561705718,-0.20015877344812888,1.6464729210570532e-05,1,9,1.5193387929089969e-05,3.0410898924082552e-06,1,,-0.0014838647559331335,-0.0011642181408143522
17,8,11,-15.928571428571429,-0.22196567374366694,-0.2240041558393606,2.0693494864485636e-06,1,9,8.430261097450684e-06,1.8884135206398422e-06,1,,0.0002902181754568498,0.000797938959764246
17,8,12,-17.285714285714285,-0.25258719785485,-0.25061918713751546,1.939731850907033e-06,1,10,4.1567768465839985e-06,1.041772364818172e-06,1,,-0.00014944696590979566,-0.001275956510914943
17,8,13,-18.642857142857142,-0.28087475611346674,-0.28272534916217024,1.7119916856768855e-06,1,11,4.41129531993221e-06,1.2471905113109472e-06,1,,7.389109189356142e-05,0.001645876874774002
17,8,14,-20.0,-0.31732709049474683,-0.3173856917867536,1.7228195327413347e-09,1,11,3.028793737200045e-06,9.612987071361268e-07,1,,1.1259762924198315e-06,4.6932048756986333e-05
18,8,0,-1.0,-0.005811162777964344,-0.00027287368867795177,1.5336323018254428e-05,1,7,6.644503780572493e-06,1.813122303337411e-09,1,,-1.5053470969299759e-06,-1.5432942151316666e-10
18,8,1,-2.357142857142857,-0.005974064898636422,-0.0009100268419660866,1.2822236667767737e-05,1,8,5.645201071711616e-06,5.137313504720992e-09,1,,-1.0752752863115923e-05,-2.1915950334056367e-09
18,8,2,-3.7142857142857144,0.003125533943907826,-0.0022753625667071282,1.4584855894482856e-05,1,9,5.270234517159479e-06,1.1991757537486991e-08,1,,4.488687756875046e-05,1.815631774928639e-08
18,8,3,-5.071428571428571,-0.006207163048749283,-0.005331918328568606,3.8302119776638646e-07,1,10,4.9304285418628415e-06,2.6288771924967702e-08,1,,-2.2130819787269244e-05,-1.8508648716439473e-08
18,8,4,-6.428571428571429,-0.01158881227697504,-0.01209190232284386,1.2655582720959507e-07,1,11,4.12752619248928e-06,4.990984955877131e-08,1,,3.291666678269902e-05,5.99712100002431e-08
18,8,5,-7.7857142857142865,-0.025026392834663787,-0.026226662400688588,7.203423148331058e-07,1,12,2.534124448085946e-06,6.646179480374048e-08,1,,0.0002059497130078243,7.3755783513667e-07
18,8,6,-9.142857142857142,-0.05269317406115371,-0.0524241679892661,3.6175802540615876e-08,1,12,2.0794386901997553e-06,1.0901306990440673e-07,1,,-7.642071486934336e-05,-7.519585556706829e-07
18,8,7,-10.5,-0.0882162609813168,-0.09169379023119634,6.046535406212201e-06,1,12,1.4157862933558797e-07,1.2981881139517704e-08,1,,0.0018367098280427183,3.798736359622423e-05
18,8,8,-11.857142857142858,-0.13671372542749854,-0.13560370976218888,6.162939155719254e-07,1,11,2.7779596346387736e-06,3.7670163202663254e-07,1,,-0.0006031635457285668,-3.841287021062778e-05
18,8,9,-13.214285714285715,-0.17290748877088274,-0.17258489900804425,5.2319522128759174e-08,1,10,7.598142107047124e-06,1.3113245881934965e-06,1,,-0.00012542418036959685,-2.9009719859066232e-05
18,8,10,-14.571428571428573,-0.2058941561705718,-0.20016061551230815,1.6454159933853547e-05,1,9,1.519299017389057e-05,3.0410382646783862e-06,1,,-0.0014831133462944693,-0.0011637310250380102
18,8,11,-15.928571428571429,-0.22196567374366694,-0.22400246852590572,2.065918182327911e-06,1,9,8.432475003526731e-06,1.8888952165729833e-06,1,,0.0002899103188912361,0.0007972002180452438
18,8,12,-17.285714285714285,-0.25258719785485,-0.2506140251831675,1.949912831395816e-06,1,10,4.154590876712096e-06,1.0412030683748519e-06,1,,-0.0001497983200401316,-0.0012792060608359246
18,8,13,-18.642857142857142,-0.28087475611346674,-0.28271735728967007,1.6972352143154904e-06,1,11,4.411156690731601e-06,1.2471160634186518e-06,1,,7.354994017255981e-05,0.0016387186572642063
18,8,14,-20.0,-0.31732709049474683,-0.31737666255902114,1.2335703713937523e-09,1,11,3.029426542708719e-06,9.614721983020047e-07,1,,6.043671975818512e-07,2.0741305219483663e-05
19,8,0,-1.0,-0.005811162777964344,-0.0002728742117247252,1.533632012147033e-05,1,7,6.644518903225315e-06,1.8131299053835738e-09,1,,-1.5053498284746528e-06,-1.5432950880498485e-10
19,8,1,-2.357142857142857,-0.005974064898636422,-0.000910030941753375,1.2822215906270557e-05,1,8,5.645234096912238e-06,5.137366703268989e-09,1,,-1.0752792087495203e-05,-2.1915966423943314e-09
19,8,2,-3.7142857142857144,0.003125533943907826,-0.0022753786114726774,1.4584942550956717e-05,1,9,5.270281762024207e-06,1.1991949598697677e-08,1,,4.488732199155708e-05,1.8156415028318185e-08
19,8,3,-5.071428571428571,-0.006207163048749283,-0.005331968876955506,3.8297695705384306e-07,1,10,4.9304846227029424e-06,2.6289320175648667e-08,1,,-2.2129736455173996e-05,-1.8507637505599054e-08
19,8,4,-6.428571428571429,-0.01158881227697504,-0.012092042614733128,1.2662641831050035e-07,1,11,4.127576415550058e-06,4.991103592401347e-08,1,,3.292615416886291e-05,5.998814657315016e-08
19,8,5,-7.7857142857142865,-0.025026392834663787,-0.026227003385293185,7.207516521030482e-07,1,12,2.5341460341913692e-06,6.646322504508251e-08,1,,0.00020601039959624616,7.377697886804883e-07
19,8,6,-9.142857142857142,-0.05269317406115371,-0.05242484893311751,3.5992872362366084e-08,1,12,2.0794265816910164e-06,1.0901385109896022e-07,1,,-7.622761325959784e-05,-7.500561974139059e-07
19,8,7,-10.5,-0.0882162609813168,-0.09169480030361206,6.05004844935211e-06,1,12,1.416067578055134e-07,1.2984603378618509e-08,1,,0.0018372469871232005,3.799833088217972e-05
19,8,8,-11.857142857142858,-0.13671372542749854,-0.13560473693305122,6.151540594014865e-07,1,11,2.777962122937145e-06,3.7670482289087204e-07,1,,-0.0006026011668725486,-3.8377088776249646e-05
19,8,9,-13.214285714285715,-0.17290748877088274,-0.17258559564313555,5.209441707928152e-08,1,10,7.5980756410166275e-06,1.3113184102464537e-06,1,,-0.00012515203421408364,-2.894694794211063e-05
19,8,10,-14.571428571428573,-0.2058941561705718,-0.200160856909707,1.6452775110969537e-05,1,9,1.519293798065907e-05,3.041031485184753e-06,1,,-0.0014830148862953454,-0.0011636671931676797
19,8,11,-15.928571428571429,-0.22196567374366694,-0.22400224736458352,2.065468641888774e-06,1,9,8.432765117188712e-06,1.8889583377479369e-06,1,,0.0002898699766934569,0.0007971033987509798
19,8,12,-17.285714285714285,-0.25258719785485,-0.2506133486294254,1.951249181141592e-06,1,10,4.154304362926711e-06,1.0411284527833686e-06,1,,-0.00014984435559981652,-0.0012796319275509697
19,8,13,-18.642857142857142,-0.28087475611346674,-0.28271630981832124,1.695305861155094e-06,1,11,4.411138515421976e-06,1.2471063043362207e-06,1,,7.350524097780223e-05,0.001637780481736995
19,8,14,-20.0,-0.31732709049474683,-0.31737547908932,1.1754872386021075e-09,1,11,3.0295094806014616e-06,9.61494935669549e-07,1,,5.899444812730058e-07,2.0247510359973196e-05
20,8,0,-1.0,-0.005811162777964344,-0.00027287428428699964,1.5336319719599516e-05,1,7,6.6445209818122684e-06,1.8131309547286464e-09,1,,-1.5053502074236886e-06,-1.5432952091618068e-10
20,8,1,-2.357142857142857,-0.005974064898636422,-0.0009100315105177142,1.2822213026025214e-05,1,8,5.645238708176626e-06,5.1373741105382315e-09,1,,-1.0752797529042218e-05,-2.1915968656175546e-09
20,8,2,-3.7142857142857144,0.003125533943907826,-0.0022753808373694026,1.4584954572864633e-05,1,9,5.270288305871518e-06,1.1991976219764139e-08,1,,4.4887383645122946e-05,1.8156428524110607e-08
20,8,3,-5.071428571428571,-0.006207163048749283,-0.005331975889562389,3.8297081971621416e-07,1,10,4.930492409218833e-06,2.628939626929394e-08,1,,-2.212958616312975e-05,-1.850749721916043e-08
20,8,4,-6.428571428571429,-0.01158881227697504,-0.012092062077526312,1.2663621301860577e-07,1,11,4.127583398868386e-06,4.9911200701927005e-08,1,,3.2927470389863235e-05,5.999049620536156e-08
20,8,5,-7.7857142857142865,-0.025026392834663787,-0.02622705069033449,7.208084489434882e-07,1,12,2.534149032081722e-06,6.646342354948986e-08,1,,0.0002060188187823108,7.377991932520355e-07
20,8,6,-9.142857142857142,-0.05269317406115371,-0.05242494340081305,3.5967530988989426e-08,1,12,2.079424916249101e-06,1.0901396022694465e-07,1,,-7.620082401272e-05,-7.497922817268438e-07
20,8,7,-10.5,-0.0882162609813168,-0.0916949404309693,6.050535894449773e-06,1,12,1.4161065820311155e-07,1.298498086832467e-08,1,,0.0018373215086314398,3.799985237099305e-05
20,8,8,-11.857142857142858,-0.13671372542749854,-0.13560487943171498,6.149960113255494e-07,1,11,2.7779624479253252e-06,3.7670526281674555e-07,1,,-0.0006025231493862879,-3.8372124878946124e-05
20,8,9,-13.214285714285715,-0.17290748877088274,-0.17258569228624127,5.206322693684849e-08,1,10,7.598066428649508e-06,1.3113175546253242e-06,1,,-0.00012511428041094867,-2.893823979135133e-05
20,8,10,-14.571428571428573,-0.2058941561705718,-0.20016089039802598,1.6452583003343513e-05,1,9,1.5192930766550884e-05,3.0410305499883883e-06,1,,-0.0014830012257286708,-0.0011636583379633666
20,8,11,-15.928571428571429,-0.22196567374366694,-0.2240022166827401,2.0654062807450863e-06,1,9,8.432805384409676e-06,1.8889670989619134e-06,1,,0.00028986438012354525,0.0007970899671968213
20,8,12,-17.285714285714285,-0.25258719785485,-0.2506132547714623,1.9514346084447726e-06,1,10,4.154264628390958e-06,1.0411181047831342e-06,1,,-0.0001498507412551736,-0.0012796910073435482
20,8,13,-18.642857142857142,-0.28087475611346674,-0.28271616450289005,1.6950382891615185e-06,1,11,4.411135971619529e-06,1.247104944146482e-06,1,,7.349904025107833e-05,0.0016376503284809738
20,8,14,-20.0,-0.31732709049474683,-0.3173753149062317,1.1675399804279026e-09,1,11,3.0295209857864436e-06,9.614980897576508e-07,1,,5.879437005416975e-07,2.017900464069293e-05
21,8,0,-1.0,-0.005811162777964344,-0.00027287429466765127,1.533631966210847e-05,1,7,6.6445212884722935e-06,1.8131311073843123e-09,1,,-1.5053502616334376e-06,-1.5432952264702173e-10
21,8,1,-2.357142857142857,-0.005974064898636422,-0.0009100315918842787,1.2822212613981575e-05,1,8,5.645239370030236e-06,5.137375172188999e-09,1,,-1.0752798307524257e-05,-2.1915968975541593e-09
21,8,2,-3.7142857142857144,0.003125533943907826,-0.0022753811558029447,1.4584956292701627e-05,1,9,5.270289260033894e-06,1.1991980069115532e-08,1,,4.488739246704201e-05,1.815643045478977e-08
21,8,3,-5.071428571428571,-0.006207163048749283,-0.0053319768927756,3.829699417215546e-07,1,10,4.930493496218754e-06,2.6289407011569066e-08,1,,-2.2129564660411898e-05,-1.850747715001636e-08
21,8,4,-6.428571428571429,-0.01158881227697504,-0.012092064861845806,1.2663761426645912e-07,1,11,4.127584417422274e-06,4.991122451100671e-08,1,,3.292765868426097e-05,5.999083234049e-08
21,8,5,-7.7857142857142865,-0.025026392834663787,-0.026227057457725904,7.208165744010292e-07,1,12,2.534149455386106e-06,6.64634518011964e-08,1,,0.00020602002324752924,7.378033998340063e-07
21,8,6,-9.142857142857142,-0.05269317406115371,-0.052424956915223676,3.596390641888068e-08,1,12,2.079424674832972e-06,1.0901397567292248e-07,1,,-7.619699154069055e-05,-7.497545263380736e-07
21,8,7,-10.5,-0.0882162609813168,-0.09169496047737431,6.05060562920301e-06,1,12,1.4161121416906917e-07,1.2985034686385788e-08,1,,0.0018373321686038805,3.800007003239573e-05
21,8,8,-11.857142857142858,-0.13671372542749854,-0.13560489981733806,6.149734028905395e-07,1,11,2.777962509671344e-06,3.7670532782030364e-07,1,,-0.0006025119893246935,-3.837141475287223e-05
21,8,9,-13.214285714285715,-0.17290748877088274,-0.1725857061118356,5.2058765693310825e-08,1,10,7.598065102874037e-06,1.3113174308632125e-06,1,,-0.00012510887957183192,-2.893699402441094e-05
21,8,10,-14.571428571428573,-0.2058941561705718,-0.2001608951888002,1.6452555520911452e-05,1,9,1.5192929734819565e-05,3.041030416262025e-06,1,,-0.0014829992727529702,-0.0011636570712322122
21,8,11,-15.928571428571429,-0.22196567374366694,-0.22400221229344955,2.065397359540338e-06,1,9,8.43281111049826e-06,1.8889683446043914e-06,1,,0.00028986357973723165,0.0007970880457111052
21,8,12,-17.285714285714285,-0.25258719785485,-0.2506132413442854,1.951461136091461e-06,1,10,4.154258925411509e-06,1.0411166197488164e-06,1,,-0.0001498516553038909,-0.0012796994587024808
21,8,13,-18.642857142857142,-0.28087475611346674,-0.2827161437142982,1.6950000124630296e-06,1,11,4.411135628394176e-06,1.247104755408568e-06,1,,7.349815311847961e-05,0.00163763170953773
21,8,14,-20.0,-0.31732709049474683,-0.3173752914184454,1.1664052616190794e-09,1,11,3.0295226370468877e-06,9.614985426731337e-07,1,,5.876574743907927e-07,2.016920422257359e-05
22,8,0,-1.0,-0.005811162777964344,-0.00027287429615921124,1.5336319653847784e-05,1,7,6.644521341351511e-06,1.813131131724651e-09,1,,-1.5053502694172333e-06,-1.5432952289730846e-10
22,8,1,-2.357142857142857,-0.005974064898636422,-0.0009100316035755902,1.2822212554776475e-05,1,8,5.645239468706165e-06,5.137375327988851e-09,1,,-1.0752798419378561e-05,-2.191596902142866e-09
22,8,2,-3.7142857142857144,0.003125533943907826,-0.002275381201557591,1.4584956539819067e-05,1,9,5.270289397636929e-06,1.1991980623359683e-08,1,,4.488739373366499e-05,1.8156430732165633e-08
22,8,3,-5.071428571428571,-0.006207163048749283,-0.005331977036924099,3.8296981556546036e-07,1,10,4.930493674763469e-06,2.6289408674301518e-08,1,,-2.2129561571732876e-05,-1.8507474266304393e-08
22,8,4,-6.428571428571429,-0.01158881227697504,-0.012092065261915502,1.2663781560785177e-07,1,11,4.127584552714234e-06,4.99112277983077e-08,1,,3.292768573186236e-05,5.999088063860212e-08
22,8,5,-7.7857142857142865,-0.025026392834663787,-0.026227058430109695,7.208177419250503e-07,1,12,2.5341494974195573e-06,6.646345536778786e-08,1,,0.00020602019630676336,7.378040042619578e-07
22,8,6,-9.142857142857142,-0.05269317406115371,-0.05242495885706483,3.596338563131803e-08,1,12,2.079424641885651e-06,1.0901397798357415e-07,1,,-7.619644092423346e-05,-7.497491014003259e-07
22,8,7,-10.5,-0.0882162609813168,-0.0916949633577752,6.0506156491925395e-06,1,12,1.41611302950611e-07,1.2985043235103078e-08,1,,0.0018373337026338721,3.800010130755397e-05
22,8,8,-11.857142857142858,-0.13671372542749854,-0.13560490274648168,6.149701543901732e-07,1,11,2.7779625088182053e-06,3.76705335841665e-07,1,,-0.0006025103850681819,-3.837131271713533e-05
22,8,9,-13.214285714285715,-0.17290748877088274,-0.1725857080983865,5.2058124689212235e-08,1,10,7.598064923747842e-06,1.3113174150425344e-06,1,,-0.00012510810330647708,-2.8936815023039403e-05
22,8,10,-14.571428571428573,-0.2058941561705718,-0.20016089587716934,1.645255157208654e-05,1,9,1.519292960824473e-05,3.0410304013850364e-06,1,,-0.0014829989906345038,-0.0011636568891388662
22,8,11,-15.928571428571429,-0.22196567374366694,-0.22400221166275905,2.0653960776528623e-06,1,9,8.432811960333247e-06,1.888968529650814e-06,1,,0.00028986346513654735,0.0007970877696686278
22,8,12,-17.285714285714285,-0.25258719785485,-0.2506132394149852,1.9514649477815356e-06,1,10,4.1542581179093345e-06,1.0411164093615533e-06,1,,-0.00014985178629936722,-0.0012797006737452286
22,8,13,-18.642857142857142,-0.28087475611346674,-0.28271614072724804,1.6949945126397196e-06,1,11,4.411135558958538e-06,1.2471047226014775e-06,1,,7.349802547516285e-05,0.0016376290338990353
22,8,14,-20.0,-0.31732709049474683,-0.3173752880435619,1.1662422629154618e-09,1,11,3.0295228704037206e-06,9.614986065109576e-07,1,,5.876163475705284e-07,2.0167796047678505e-05
23,8,0,-1.0,-0.005811162777964344,-0.00027287429637365797,1.5336319652660115e-05,1,7,6.6445213238127815e-06,1.8131311283636244e-09,1,,-1.5053502705412981e-06,-1.543295229345858e-10
23,8,1,-2.357142857142857,-0.005974064898636422,-0.0009100316052564763,1.2822212546264328e-05,1,8,5.645239483774557e-06,5.1373753511907774e-09,1,,-1.0752798435694801e-05,-2.1915969027816827e-09
23,8,2,-3.7142857142857144,0.003125533943907826,-0.0022753812081359234,1.4584956575348161e-05,1,9,5.270289409655212e-06,1.1991980685376047e-08,1,,4.4887393914600305e-05,1.8156430772118712e-08
23,8,3,-5.071428571428571,-0.006207163048749283,-0.005331977057648878,3.829697974275642e-07,1,10,4.930493689434683e-06,2.628940885471276e-08,1,,-2.2129561128398305e-05,-1.8507473851739592e-08
23,8,4,-6.428571428571429,-0.01158881227697504,-0.012092065319434821,1.2663784455532675e-07,1,11,4.1275845629196565e-06,4.991122815913018e-08,1,,3.2927689624406956e-05,5.999088758234918e-08
23,8,5,-7.7857142857142865,-0.025026392834663787,-0.026227058569913534,7.208179097848298e-07,1,12,2.534149526506819e-06,6.646345648494978e-08,1,,0.00020602022127759806,7.378040911694235e-07
23,8,6,-9.142857142857142,-0.05269317406115371,-0.05242495913625037,3.59633107560571e-08,1,12,2.079424631605988e-06,1.0901397802520751e-07,1,,-7.619636175413331e-05,-7.497483214197058e-07
23,8,7,-10.5,-0.0882162609813168,-0.09169496377190232,6.050617089807668e-06,1,12,1.4161130427855917e-07,1.2985043415514319e-08,1,,0.0018373339206115237,3.8000105804230254e-05
23,8,8,-11.857142857142858,-0.13671372542749854,-0.13560490316761656,6.149696873434082e-07,1,11,2.77796250715007e-06,3.7670533678535456e-07,1,,-0.0006025101541868282,-3.837129804631204e-05
23,8,9,-13.214285714285715,-0.17290748877088274,-0.17258570838399867,5.205803253001343e-08,1,10,7.5980648986296865e-06,1.3113174128775995e-06,1,,-0.0001251079918561856,-2.8936789288327993e-05
23,8,10,-14.571428571428573,-0.2058941561705718,-0.20016089597614942,1.6452551004166377e-05,1,9,1.5192929511430675e-05,3.0410303835104457e-06,1,,-0.0014829989520306944,-0.001163656863058647
23,8,11,-15.928571428571429,-0.22196567374366694,-0.22400221157208489,2.0653958933851277e-06,1,9,8.432812073281092e-06,1.888968554186743e-06,1,,0.0002898634481376264,0.0007970877299029865
23,8,12,-17.285714285714285,-0.25258719785485,-0.2506132391376001,1.9514654958019316e-06,1,10,4.154258005112656e-06,1.041116379940643e-06,1,,-0.0001498518050647959,-0.0012797008482386782
23,8,13,-18.642857142857142,-0.28087475611346674,-0.28271614029778896,1.6949937219120303e-06,1,11,4.411135538563249e-06,1.2471047149409387e-06,1,,7.349800729783388e-05,0.0016376286487019504
23,8,14,-20.0,-0.31732709049474683,-0.3173752875583443,1.1662188289585557e-09,1,11,3.0295229119405252e-06,9.614986182238106e-07,1,,5.876104346556423e-07,2.0167593494863205e-05
24,8,0,-1.0,-0.005811162777964344,-0.0002728742964042991,1.5336319652490417e-05,1,7,6.644521330019794e-06,1.8131311302609782e-09,1,,-1.5053502707021114e-06,-1.5432952293713038e-10
24,8,1,-2.357142857142857,-0.005974064898636422,-0.0009100316054966582,1.282221254504803e-05,1,8,5.6452394777574056e-06,5.137375347070809e-09,1,,-1.0752798437647024e-05,-2.1915969028713784e-09
24,8,2,-3.7142857142857144,0.003125533943907826,-0.0022753812090759184,1.4584956580425005e-05,1,9,5.270289424822132e-06,1.1991980724841006e-08,1,,4.48873939415307e-05,1.8156430777801727e-08
24,8,3,-5.071428571428571,-0.006207163048749283,-0.005331977060610201,3.8296979483584236e-07,1,10,4.930493691251116e-06,2.6289408878998888e-08,1,,-2.212956106564797e-05,-1.8507473792486408e-08
24,8,4,-6.428571428571429,-0.01158881227697504,-0.012092065327653972,1.2663784869182626e-07,1,11,4.127584575751062e-06,4.991122834821504e-08,1,,3.292769018055889e-05,5.999088857484771e-08
24,8,5,-7.7857142857142865,-0.025026392834663787,-0.02622705858989002,7.208179337704248e-07,1,12,2.534149525105764e-06,6.646345649882757e-08,1,,0.00020602022475618682,7.378041035817822e-07
24,8,6,-9.142857142857142,-0.05269317406115371,-0.05242495917614343,3.596330005713451e-08,1,12,2.079424636641544e-06,1.0901397837215221e-07,1,,-7.619635042589768e-05,-7.497482099689019e-07
24,8,7,-10.5,-0.0882162609813168,-0.09169496383107666,6.050617295655919e-06,1,12,1.4161131130049632e-07,1.2985044067770346e-08,1,,0.001837333951792045,3.80001064467566e-05
24,8,8,-11.857142857142858,-0.13671372542749854,-0.13560490322779206,6.14969620606054e-07,1,11,2.7779625116483647e-06,3.767053375625107e-07,1,,-0.0006025101216373237,-3.837129594993994e-05
24,8,9,-13.214285714285715,-0.17290748877088274,-0.17258570842481016,5.205801936185376e-08,1,10,7.598064905517353e-06,1.3113174143764006e-06,1,,-0.00012510797578855646,-2.8936785610786784e-05
24,8,10,-14.571428571428573,-0.2058941561705718,-0.20016089599029208,1.6452550923136847e-05,1,9,1.5192929521727834e-05,3.041030385786403e-06,1,,-0.0014829989472716467,-0.0011636568592123591
24,8,11,-15.928571428571429,-0.22196567374366694,-0.2240022115591298,2.065395867056629e-06,1,9,8.432812079096827e-06,1.8889685553802327e-06,1,,0.00028986344612964864,0.000797087724152682
24,8,12,-17.285714285714285,-0.25258719785485,-0.25061323909796596,1.951465574108943e-06,1,10,4.1542579884926876e-06,1.0411163756107733e-06,1,,-0.00014985180805649506,-0.001279700873582141
24,8,13,-18.642857142857142,-0.28087475611346674,-0.2827161402364254,1.6949936089266362e-06,1,11,4.411135553657716e-06,1.2471047189377416e-06,1,,7.34980046671575e-05,0.0016376285946009443
24,8,14,-20.0,-0.31732709049474683,-0.31737528748901006,1.1662154804703472e-09,1,11,3.0295229154008517e-06,9.61498619111989e-07,1,,5.876095885802827e-07,2.0167564615372195e-05
25,8,0,-1.0,-0.005811162777964344,-0.0002728742964088196,1.533631965246538e-05,1,7,6.644521339842753e-06,1.8131311329714836e-09,1,,-1.5053502707327566e-06,-1.5432952293833657e-10
25,8,1,-2.357142857142857,-0.005974064898636422,-0.0009100316055321001,1.2822212544868594e-05,1,8,5.6452394782523735e-06,5.1373753477213305e-09,1,,-1.0752798438162592e-05,-2.19159690289192e-09
25,8,2,-3.7142857142857144,0.003125533943907826,-0.0022753812092145766,1.458495658117392e-05,1,9,5.270289445085231e-06,1.199198077167854e-08,1,,4.488739394627794e-05,1.8156430778539966e-08
25,8,3,-5.071428571428571,-0.006207163048749283,-0.005331977061047141,3.829697944534645e-07,1,10,4.93049369556451e-06,2.6289408904152378e-08,1,,-2.2129561055925668e-05,-1.8507473783803533e-08
25,8,4,-6.428571428571429,-0.01158881227697504,-0.012092065328866362,1.2663784930201972e-07,1,11,4.127584574763385e-06,4.991122834127615e-08,1,,3.292769026385396e-05,5.999088872155329e-08
25,8,5,-7.7857142857142865,-0.025026392834663787,-0.02622705859283706,7.208179373089666e-07,1,12,2.5341495343454843e-06,6.646345674862775e-08,1,,0.0002060202253029077,7.378041054147041e-07
25,8,6,-9.142857142857142,-0.05269317406115371,-0.052424959182028275,3.596329847870911e-08,1,12,2.0794246280695667e-06,1.0901397793500189e-07,1,,-7.619634869181529e-05,-7.497481935249109e-07
25,8,7,-10.5,-0.0882162609813168,-0.09169496383980641,6.050617326023335e-06,1,12,1.4161130720063644e-07,1.2985043693070075e-08,1,,0.0018373339562346457,3.800010654137863e-05
25,8,8,-11.857142857142858,-0.13671372542749854,-0.13560490323666963,6.149696107610627e-07,1,11,2.7779625045073904e-06,3.767053366188211e-07,1,,-0.0006025101165003516,-3.837129564181972e-05
25,8,9,-13.214285714285715,-0.17290748877088274,-0.17258570843083076,5.205801741943629e-08,1,10,7.598064893673114e-06,1.3113174123779991e-06,1,,-0.0001251079734052247,-2.8936785066783367e-05
25,8,10,-14.571428571428573,-0.2058941561705718,-0.20016089599237644,1.645255091115088e-05,1,9,1.5192929521430957e-05,3.0410303857586474e-06,1,,-0.0014829989477970948,-0.0011636568587533095
25,8,11,-15.928571428571429,-0.22196567374366694,-0.2240022115572174,2.0653958631870326e-06,1,9,8.432812092179119e-06,1.8889685582945681e-06,1,,0.00028986344546390465,0.0007970877235207745
25,8,12,-17.285714285714285,-0.25258719785485,-0.2506132390921189,1.9514655856635604e-06,1,10,4.154257986596115e-06,1.041116375111173e-06,1,,-0.00014985180822622154,-0.0012797008765332947
25,8,13,-18.642857142857142,-0.28087475611346674,-0.2827161402273743,1.6949935922573406e-06,1,11,4.411135561456496e-06,1.2471047211026765e-06,1,,7.349800427699582e-05,0.001637628586545703
25,8,14,-20.0,-0.31732709049474683,-0.3173752874787818,1.1662149864939186e-09,1,11,3.029522915148674e-06,9.614986190009667e-07,1,,5.876094659467879e-07,2.016756030178824e-05
26,8,0,-1.0,-0.005811162777964344,-0.00027287429640909686,1.533631965246384e-05,1,7,6.6445213432132334e-06,1.8131311338930554e-09,1,,-1.5053502707305556e-06,-1.5432952293959194e-10
26,8,1,-2.357142857142857,-0.005974064898636422,-0.0009100316055342647,1.2822212544857574e-05,1,8,5.645239470614139e-06,5.1373753407824366e-09,1,,-1.0752798438151942e-05,-2.1915969028897637e-09
26,8,2,-3.7142857142857144,0.003125533943907826,-0.002275381209223025,1.4584956581219739e-05,1,9,5.270289414951652e-06,1.1991980703156963e-08,1,,4.488739394585143e-05,1.8156430778604645e-08
26,8,3,-5.071428571428571,-0.006207163048749283,-0.005331977061073753,3.8296979443011765e-07,1,10,4.930493680411585e-06,2.6289408823487737e-08,1,,-2.212956105505856e-05,-1.8507473783295998e-08
26,8,4,-6.428571428571429,-0.01158881227697504,-0.012092065328940652,1.266378493393302e-07,1,11,4.127584580189449e-06,4.991122840719564e-08,1,,3.29276902747713e-05,5.999088873026246e-08
26,8,5,-7.7857142857142865,-0.025026392834663787,-0.026227058593017223,7.208179375252457e-07,1,12,2.5341495181893863e-06,6.646345632535522e-08,1,,0.00020602022526522158,7.378041055242797e-07
26,8,6,-9.142857142857142,-0.05269317406115371,-0.05242495918238818,3.596329838228578e-08,1,12,2.079424626864069e-06,1.0901397787255185e-07,1,,-7.619634867912535e-05,-7.497481925411832e-07
26,8,7,-10.5,-0.0882162609813168,-0.09169496384034016,6.050617327881252e-06,1,12,1.416113081078961e-07,1.2985043776336802e-08,1,,0.0018373339576630702,3.800010654696314e-05
26,8,8,-11.857142857142858,-0.13671372542749854,-0.13560490323721225,6.149696101585425e-07,1,11,2.777962514320902e-06,3.7670533795108874e-07,1,,-0.0006025101161022569,-3.8371295622781465e-05
26,8,9,-13.214285714285715,-0.17290748877088274,-0.17258570843120016,5.2058017300143753e-08,1,10,7.5980648960691804e-06,1.3113174127943328e-06,1,,-0.00012510797349709997,-2.893678503535511e-05
26,8,10,-14.571428571428573,-0.2058941561705718,-0.20016089599250683,1.6452550910427253e-05,1,9,1.5192929528493042e-05,3.0410303871741817e-06,1,,-0.0014829989467904105,-0.00116365685873054
26,8,11,-15.928571428571429,-0.22196567374366694,-0.22400221155709932,2.06539586292314e-06,1,9,8.432812086236e-06,1.8889685569623005e-06,1,,0.0002898634458915163,0.0007970877233137353
26,8,12,-17.285714285714285,-0.25258719785485,-0.2506132390917614,1.951465586370583e-06,1,10,4.154257988152537e-06,1.041116375499751e-06,1,,-0.00014985180835895434,-0.0012797008767701666
26,8,13,-18.642857142857142,-0.28087475611346674,-0.2827161402268197,1.6949935912389533e-06,1,11,4.411135555182024e-06,1.2471047193263196e-06,1,,7.349800427241137e-05,0.001637628584977954
26,8,14,-20.0,-0.31732709049474683,-0.3173752874781561,1.1662149563067118e-09,1,11,3.0295229097325636e-06,9.61498617280121e-07,1,,5.876094581622876e-07,2.016756003368736e-05
