evaluation,iteration,point_index,phi_applied,target_flux,simulated_flux,point_objective,converged,steps_taken,final_relative_change,final_absolute_change,diagnostics_valid,reason,dJ_dk0_0,dJ_dk0_1,dJ_dk0_2,dJ_dk0_3
1,0,0,-1.0,-0.007374144457341952,-0.007709282011235693,5.6158590014938004e-08,1,9,0.0,0.0,1,,0.00040600911517339093,2.1247390546280552e-05,2.030045575866955e-06,1.0623695273140268e-08
1,0,1,-2.0,-0.027210802909530558,-0.03696647158875435,4.758653568939454e-05,1,9,0.0,0.0,1,,0.030821683161315554,0.008549696861695086,0.00030821683161315545,8.549696861695082e-06
1,0,2,-3.0,-0.06202917813359604,-0.07888880316325814,0.00014212347807040956,1,9,0.0,0.0,1,,0.05141500606975618,0.04344244940754582,0.0007712250910463427,6.516367411131859e-05
1,0,3,-4.0,-0.10795054015085055,-0.11458703930852839,2.2021560534928557e-05,1,9,0.0,0.0,1,,0.013955692748408074,0.024999405030228582,0.00027911385496816234,4.999881006045711e-05
1,0,4,-5.0,-0.13557069797477647,-0.13975572737416356,8.757235536868742e-06,1,8,0.0,0.0,1,,0.0053645466513823825,0.01584703456996506,0.00013411366628455972,3.961758642491265e-05
1,0,5,-6.0,-0.1532335800100144,-0.1560359565746691,3.926657205063037e-06,1,8,0.0,0.0,1,,0.0020797091344008987,0.008377293035416278,6.239127403202635e-05,2.5131879106248887e-05
1,0,6,-7.0,-0.16525636708079586,-0.16604475781516145,3.107799750173746e-07,1,8,0.0,0.0,1,,0.0003359798588930401,0.0016043375365920565,1.1759295061256504e-05,5.6151813780722104e-06
1,0,7,-8.0,-0.168345056302483,-0.17202159436582776,6.7584660656127206e-06,1,8,0.0,0.0,1,,0.000910513768295927,0.004619437697703139,3.642055073183615e-05,1.8477750790812648e-05
1,0,8,-9.0,-0.17577828688927494,-0.17556127720651504,2.3546601205787052e-08,1,8,0.0,0.0,1,,-3.235736448802945e-05,-0.00015149947564212438,-1.4560814019612737e-06,-6.817476403895577e-07
1,0,9,-10.0,-0.177500655837663,-0.17769183647709066,1.8275018446202553e-08,1,7,0.0,0.0,1,,1.8209537684075538e-05,7.43905966345422e-05,9.104768842037769e-07,3.719529831727129e-07
2,0,0,-1.0,-0.007374144457341952,-0.007681973522310646,4.73793666197482e-08,1,9,0.0,0.0,1,,0.0003729885017580162,1.9452543278450387e-05,1.8597451083458634e-06,9.723503265610947e-09
2,0,1,-2.0,-0.027210802909530558,-0.036871285936536054,4.66624661575311e-05,1,9,0.0,0.0,1,,0.030569020651623185,0.008472389294553639,0.00030483827976371717,8.469977811526773e-06
2,0,2,-3.0,-0.06202917813359604,-0.07877158049549894,0.00014015401842393114,1,9,0.0,0.0,1,,0.05122786509280964,0.04326508343303444,0.0007662764755614103,6.487915343914141e-05
2,0,3,-4.0,-0.10795054015085055,-0.11448787885533267,2.1368398668559224e-05,1,9,0.0,0.0,1,,0.013800308177496735,0.024709494237274202,0.00027523696313207674,4.940492242449252e-05
2,0,4,-5.0,-0.13557069797477647,-0.13968378430754377,8.458739590400183e-06,1,8,0.0,0.0,1,,0.005294521911066043,0.015624613135302019,0.00013199416575478248,3.905041481473574e-05
2,0,5,-6.0,-0.1532335800100144,-0.15598741455471307,3.791802349787985e-06,1,8,0.0,0.0,1,,0.0020530142125328495,0.008255625207428013,6.14187802754235e-05,2.4759826264881417e-05
2,0,6,-7.0,-0.16525636708079586,-0.16601304726461535,2.8628245029314194e-07,1,8,0.0,0.0,1,,0.0003240561140256668,0.001543795443416701,1.1310355119093166e-05,5.401746123597606e-06
2,0,7,-8.0,-0.168345056302483,-0.1720010148851901,6.683016579236143e-06,1,8,0.0,0.0,1,,0.0009101881129170938,0.004604411540631679,3.630606053953396e-05,1.8412403976459465e-05
2,0,8,-9.0,-0.17577828688927494,-0.1755476913155572,2.658715930911965e-08,1,8,0.0,0.0,1,,-3.4575015138505514e-05,-0.0001612939359414398,-1.551539617832058e-06,-7.25616121943569e-07
2,0,9,-10.0,-0.177500655837663,-0.17768246390472273,1.6527086624203517e-08,1,7,0.0,0.0,1,,1.741677140573257e-05,7.083216562989434e-05,8.684116339329094e-07,3.540600239021368e-07
3,1,0,-1.0,-0.007374144457341952,-0.005321230160023924,2.107228556066399e-06,1,8,0.0,0.0,1,,-0.0024878293021516414,-9.860199868047001e-05,-9.356361670928993e-06,-4.7835275188762764e-08
3,1,1,-2.0,-0.027210802909530558,-0.027815904900296,1.8307420961418002e-07,1,9,0.0,0.0,1,,0.0022517994740406935,0.0005471089585983298,1.6937376106399914e-05,5.308433488777181e-07
3,1,2,-3.0,-0.06202917813359604,-0.06685095911891584,1.1624785935197276e-05,1,9,0.0,0.0,1,,0.020355344415497044,0.016132673867508964,0.0002296604081192382,2.347957153942679e-05
3,1,3,-4.0,-0.10795054015085055,-0.10411778416968677,7.3450092055738e-06,1,8,0.0,0.0,1,,-0.011875071351997907,-0.019586991233217266,-0.00017864161715803735,-3.800933564428499e-05
3,1,4,-5.0,-0.13557069797477647,-0.13202173631797434,6.29756442072448e-06,1,9,0.0,0.0,1,,-0.006983775335372878,-0.017668044729735707,-0.00013132478142642115,-4.285692952498329e-05
3,1,5,-6.0,-0.1532335800100144,-0.15072426014405568,3.148343094847433e-06,1,8,0.0,0.0,1,,-0.0029844490672595696,-0.00948186189758399,-6.734445527495848e-05,-2.7599895290719606e-05
3,1,6,-7.0,-0.16525636708079586,-0.16251266629006658,3.7639470145220935e-06,1,7,0.0,0.0,1,,-0.0019531707255962157,-0.006886206106830992,-5.141912344452573e-05,-2.3385174537484157e-05
3,1,7,-8.0,-0.168345056302483,-0.1696923511456692,9.076016972385315e-07,1,8,0.0,0.0,1,,0.0005786885727830978,0.002033888421586099,1.7410903801509437e-05,7.893682777372e-06
3,1,8,-9.0,-0.17577828688927494,-0.17400459300434334,1.572994998721962e-06,1,8,0.0,0.0,1,,-0.00047040319908408644,-0.0015114650249898312,-1.5922057884709363e-05,-6.599380513430877e-06
3,1,9,-10.0,-0.177500655837663,-0.1766106008811667,3.9609891279080243e-07,1,7,0.0,0.0,1,,-0.00015196339146648544,-0.00040452646073312087,-5.715120607638759e-06,-1.9624992220506494e-06
4,2,0,-1.0,-0.007374144457341952,-0.005434371697270391,1.8813591803578336e-06,1,8,0.0,0.0,1,,-0.002350634606779376,-9.501038347998339e-05,-8.907988186139116e-06,-4.647078353098611e-08
4,2,1,-2.0,-0.027210802909530558,-0.028418868833248123,7.29711638023846e-07,1,9,0.0,0.0,1,,0.004499734279310819,0.0011072140180555011,3.410447517896863e-05,1.0831048369859618e-06
4,2,2,-3.0,-0.06202917813359604,-0.06782932214870971,1.682083529803126e-05,1,9,0.0,0.0,1,,0.024221231906467793,0.01931868908624017,0.00027536706094721624,2.834704752512322e-05
4,2,3,-4.0,-0.10795054015085055,-0.10509515173569171,4.076621500711968e-06,1,8,0.0,0.0,1,,-0.008690185244090482,-0.014387349985792162,-0.00013172964826852645,-2.814814138352113e-05
4,2,4,-5.0,-0.13557069797477647,-0.1328231589845322,3.774485251455182e-06,1,9,0.0,0.0,1,,-0.005284094447921677,-0.01342090902614785,-0.00010012328326311292,-3.282168407806547e-05
4,2,5,-6.0,-0.1532335800100144,-0.15131928513939766,1.8322624258347054e-06,1,8,0.0,0.0,1,,-0.0022151295035541542,-0.007075090238520415,-5.036686022962278e-05,-2.0763098193730173e-05
4,2,6,-7.0,-0.16525636708079586,-0.16293037287772086,2.7051245163674426e-06,1,7,0.0,0.0,1,,-0.0016043039064247316,-0.0056936802780035755,-4.255780180779366e-05,-1.949395863923102e-05
4,2,7,-8.0,-0.168345056302483,-0.16997695594564738,1.3315482226805962e-06,1,8,0.0,0.0,1,,0.0006768283395987757,0.002395668303858319,2.051932303149619e-05,9.374014004193659e-06
4,2,8,-9.0,-0.17577828688927494,-0.17419705054010723,1.2501541959646992e-06,1,8,0.0,0.0,1,,-0.00040408129268636276,-0.001306223359812506,-1.3781794218453923e-05,-5.7500137033736485e-06
4,2,9,-10.0,-0.177500655837663,-0.17674297882487988,2.870372278491139e-07,1,7,0.0,0.0,1,,-0.00012461579027011333,-0.0003327557039208907,-4.722452329813169e-06,-1.6275503496800301e-06
5,3,0,-1.0,-0.007374144457341952,-0.005385097120489221,1.9781546541204837e-06,1,7,0.0,0.0,1,,-0.002462628209050289,-9.828844805342489e-05,-9.169362167877905e-06,-4.845020504974539e-08
5,3,1,-2.0,-0.027210802909530558,-0.0283770846619597,6.801065630246512e-07,1,9,0.0,0.0,1,,0.004418093392319461,0.0010878534312696825,3.2900701987254906e-05,1.0724906711404449e-06
5,3,2,-3.0,-0.06202917813359604,-0.06794207740954544,1.7481188923763326e-05,1,9,0.0,0.0,1,,0.025094309100325153,0.02002049360580555,0.0002803088273511167,2.96066436984889e-05
5,3,3,-4.0,-0.10795054015085055,-0.10533142664871889,3.4298777685244805e-06,1,8,0.0,0.0,1,,-0.008079476860031408,-0.01328898261442059,-0.0001203326579048442,-2.620262890797548e-05
5,3,4,-5.0,-0.13557069797477647,-0.13308744390050117,3.0832753987014696e-06,1,9,0.0,0.0,1,,-0.004831632426591084,-0.01208923769789356,-8.995062149182849e-05,-2.979628109702589e-05
5,3,5,-6.0,-0.1532335800100144,-0.15154902485960453,1.4188630273861387e-06,1,8,0.0,0.0,1,,-0.001969942531326434,-0.006151810618249862,-4.4009363134691674e-05,-1.819480265184772e-05
5,3,6,-7.0,-0.16525636708079586,-0.16310513464895135,2.313900487908145e-06,1,7,0.0,0.0,1,,-0.001498191366079751,-0.0051676572965348826,-3.904861248369151e-05,-1.783137717827084e-05
5,3,7,-8.0,-0.168345056302483,-0.17010010746860685,1.5401022978569662e-06,1,8,0.0,0.0,1,,0.0007345063966792396,0.0025129936162083155,2.1878918274463e-05,9.910019613113535e-06
5,3,8,-9.0,-0.17577828688927494,-0.17428025398455668,1.1220512918093894e-06,1,8,0.0,0.0,1,,-0.00038618522032166086,-0.0011995062255308654,-1.2941315795853818e-05,-5.321550127482581e-06
5,3,9,-10.0,-0.177500655837663,-0.17679837922538602,2.4659622007481725e-07,1,7,0.0,0.0,1,,-0.00011657344774056599,-0.00029667103470495265,-4.340501572926105e-06,-1.4624071036265103e-06
6,4,0,-1.0,-0.007374144457341952,-0.004842575240340278,3.204421350235251e-06,1,8,0.0,0.0,1,,-0.0033617910285480552,-0.0001241643226824659,-1.0643632581487768e-05,-6.48250840055197e-08
6,4,1,-2.0,-0.027210802909530558,-0.027275026410765485,2.0623290554394694e-09,1,9,0.0,0.0,1,,0.00021911812764215452,6.093452943674725e-05,1.38748234067e-06,6.362674726903288e-08
6,4,2,-3.0,-0.06202917813359604,-0.06775054039899513,1.6366993085968062e-05,1,9,0.0,0.0,1,,0.02829836056871545,0.022197388476295803,0.0002687829344484458,3.476717485969666e-05
6,4,3,-4.0,-0.10795054015085055,-0.10622597228050715,1.4870671697105848e-06,1,8,0.0,0.0,1,,-0.006098376751847126,-0.009212407429435202,-7.723131026163948e-05,-1.923886258481708e-05
6,4,4,-5.0,-0.13557069797477647,-0.1344030185690025,6.817375973338777e-07,1,9,0.0,0.0,1,,-0.00258713090592749,-0.005479838859320546,-4.095506021800018e-05,-1.4304874649887216e-05
6,4,5,-6.0,-0.1532335800100144,-0.1527832986165504,1.0137666664991949e-07,1,8,0.0,0.0,1,,-0.0006004108628963408,-0.0014932542203645713,-1.1405621411327236e-05,-4.677688156409571e-06
6,4,6,-7.0,-0.16525636708079586,-0.16406636558074142,7.08051785064982e-07,1,7,0.0,0.0,1,,-0.0009434218955115857,-0.0024577870740775895,-2.0908513223812834e-05,-8.982320772332598e-06
6,4,7,-8.0,-0.168345056302483,-0.17077791762324157,2.9594071030224375e-06,1,8,0.0,0.0,1,,0.0011570430192527205,0.002851560144853768,2.9306142287422662e-05,1.1910192682944596e-05
6,4,8,-9.0,-0.17577828688927494,-0.17473158774534617,5.477895489506679e-07,1,8,0.0,0.0,1,,-0.0003064027496638189,-0.0006513079046804864,-8.730805798208572e-06,-3.060378363929228e-06
6,4,9,-10.0,-0.177500655837663,-0.17709019630474948,8.423851407932572e-08,1,7,0.0,0.0,1,,-7.816348896248905e-05,-0.00011717485078534057,-2.4747030697003605e-06,-6.11759431484937e-07
7,5,0,-1.0,-0.007374144457341952,-0.004433563910483528,4.323506976281114e-06,1,8,0.0,0.0,1,,-0.0040534144933194625,-0.0001408929466603357,-1.1451924261721461e-05,-7.588361861695145e-08
7,5,1,-2.0,-0.027210802909530558,-0.026113206174347026,6.023592965427203e-07,1,9,0.0,0.0,1,,-0.005282653051446962,-0.0012647494393053752,-2.9849670072393705e-05,-1.3623643535488765e-06
7,5,2,-3.0,-0.06202917813359604,-0.06694329687353129,1.2074281495092925e-05,1,9,0.0,0.0,1,,0.02712881127118098,0.020776208702881632,0.0002299373225956553,3.3569612990985076e-05
7,5,3,-4.0,-0.10795054015085055,-0.10616929484622585,1.5864174176239701e-06,1,8,0.0,0.0,1,,-0.007026031969905607,-0.009801487475857091,-7.940129104724304e-05,-2.111595662172777e-05
7,5,4,-5.0,-0.13557069797477647,-0.13472809938857663,3.5498618873265604e-07,1,9,0.0,0.0,1,,-0.0020874026258084575,-0.003851088098347734,-2.948720987438495e-05,-1.0370799512761205e-05
7,5,5,-6.0,-0.1532335800100144,-0.15317432901846714,1.755339999664139e-09,1,8,0.0,0.0,1,,-7.488604653531557e-05,-0.00014265806809970495,-1.2694324766375671e-06,-4.610057787381082e-07
7,5,6,-7.0,-0.16525636708079586,-0.16438933517236917,3.758721651143362e-07,1,7,0.0,0.0,1,,-0.0007739698157998497,-0.0016099101439653852,-1.5306627556112228e-05,-6.069577447813912e-06
7,5,7,-8.0,-0.168345056302483,-0.1710048913252452,3.5373611741571777e-06,1,8,0.0,0.0,1,,0.0014260132950553797,0.002712365095896514,3.22307946114996e-05,1.1686835054029718e-05
7,5,8,-9.0,-0.17577828688927494,-0.1748758544674423,4.071921379874057e-07,1,8,0.0,0.0,1,,-0.0002976925145267896,-0.0004717423785224254,-7.569511881241754e-06,-2.286684154686078e-06
7,5,9,-10.0,-0.177500655837663,-0.1771745817993779,5.3162139221407594e-08,1,7,0.0,0.0,1,,-6.976684641623786e-05,-7.423946151928894e-05,-1.9710904040401646e-06,-3.998467714525577e-07
8,6,0,-1.0,-0.007374144457341952,-0.004232130526926055,4.936125769463799e-06,1,8,0.0,0.0,1,,-0.0043768652556983294,-0.0001486191628336035,-1.1748075123026738e-05,-8.098037492615907e-08
8,6,1,-2.0,-0.027210802909530558,-0.025404283413025648,1.6317563456260883e-06,1,9,0.0,0.0,1,,-0.009149201122871398,-0.0021849502681944733,-4.9115289517874125e-05,-2.381093911980961e-06
8,6,2,-3.0,-0.06202917813359604,-0.06627354347268585,9.00731856583481e-06,1,9,0.0,0.0,1,,0.024629821053270506,0.018792086100433952,0.00019832892110887776,3.071858599610657e-05
8,6,3,-4.0,-0.10795054015085055,-0.10586579456956133,2.1730820693527037e-06,1,8,0.0,0.0,1,,-0.00869998322539961,-0.011745365893461254,-9.340754218375846e-05,-2.5599501855957317e-05
8,6,4,-5.0,-0.13557069797477647,-0.13465529255189934,4.189835441160731e-07,1,9,0.0,0.0,1,,-0.002402507526611416,-0.004122728442458542,-3.2243212044877895e-05,-1.1232067541748545e-05
8,6,5,-6.0,-0.1532335800100144,-0.15318634184753047,1.1157219974273123e-09,1,8,0.0,0.0,1,,-6.393988121994878e-05,-0.00010721311736955444,-1.0297377013624997e-06,-3.505130136404863e-07
8,6,6,-7.0,-0.16525636708079586,-0.1644158848135028,3.5320522081638173e-07,1,7,0.0,0.0,1,,-0.0008025187609674363,-0.0014692991476543675,-1.5078452496216315e-05,-5.604195011666703e-06
8,6,7,-8.0,-0.168345056302483,-0.17102231545782012,3.5838582924191793e-06,1,8,0.0,0.0,1,,0.001539041656957822,0.0025212110667799494,3.304790245460481e-05,1.0990163775012649e-05
8,6,8,-9.0,-0.17577828688927494,-0.17488004484565678,4.0341938446171246e-07,1,8,0.0,0.0,1,,-0.00031782929991913515,-0.0004248667623580885,-7.677856288125466e-06,-2.0835323082224846e-06
8,6,9,-10.0,-0.177500655837663,-0.1771676903289059,5.543301501056177e-08,1,7,0.0,0.0,1,,-7.613075688029312e-05,-6.685975989724524e-05,-2.0434484471235612e-06,-3.6430890342284944e-07
9,7,0,-1.0,-0.007374144457341952,-0.004207447937852485,5.013983423273372e-06,1,7,0.0,0.0,1,,-0.004411454078090701,-0.00014988195508910303,-1.1790231522357904e-05,-8.175718565462763e-08
9,7,1,-2.0,-0.027210802909530558,-0.025288825542823343,1.846998499067307e-06,1,9,0.0,0.0,1,,-0.009754212234011477,-0.002342761275800847,-5.213900837294245e-05,-2.555845611384709e-06
9,7,2,-3.0,-0.06202917813359604,-0.06613465318770186,8.427462709943851e-06,1,9,0.0,0.0,1,,0.023921616009116183,0.018343027424803246,0.0001918016505286791,3.0017108418675734e-05
9,7,3,-4.0,-0.10795054015085055,-0.10577539931139765,2.365618835728179e-06,1,8,0.0,0.0,1,,-0.009123357844751667,-0.012301578411750958,-9.753382839020523e-05,-2.6840921028994622e-05
9,7,4,-5.0,-0.13557069797477647,-0.1346048056306537,4.6647401021712584e-07,1,9,0.0,0.0,1,,-0.0025516887943782783,-0.004340910571341457,-3.409873606997529e-05,-1.1839338207201587e-05
9,7,5,-6.0,-0.1532335800100144,-0.15315658165711904,2.9643731742960295e-09,1,8,0.0,0.0,1,,-0.00012193174246778464,-0.00021897041992054888,-1.9552783932529143e-06,-7.166601982342622e-07
9,7,6,-7.0,-0.16525636708079586,-0.16439592396712882,3.7018117592784367e-07,1,7,0.0,0.0,1,,-0.0008295095640882078,-0.0014869864733956597,-1.5518866900208495e-05,-5.677820279922383e-06
9,7,7,-8.0,-0.168345056302483,-0.17100718628513464,3.5434680222673705e-06,1,8,0.0,0.0,1,,0.0015465817312053272,0.002468011927767886,3.306765770446747e-05,1.076995342135234e-05
9,7,8,-9.0,-0.17577828688927494,-0.17486750084471875,4.1476560947920456e-07,1,8,0.0,0.0,1,,-0.0003257977556257581,-0.0004222709166503824,-7.836662946651948e-06,-2.0730523255953454e-06
9,7,9,-10.0,-0.177500655837663,-0.17715659129846906,5.919020356497916e-08,1,7,0.0,0.0,1,,-7.945763545892425e-05,-6.741246675036501e-05,-2.1236170697831513e-06,-3.6771962016839477e-07
10,8,0,-1.0,-0.007374144457341952,-0.004199334174594169,5.03971016572055e-06,1,6,4.549952688059543e-07,1.910677181575504e-09,1,,-0.004415513064808181,-0.0001508729234265816,-1.181090999050003e-05,-8.235181569140257e-08
10,8,1,-2.0,-0.027210802909530558,-0.025224349977708633,1.972997625171864e-06,1,9,0.0,0.0,1,,-0.010060085338577215,-0.0024414508345669598,-5.381877969184368e-05,-2.665261659700241e-06
10,8,2,-3.0,-0.06202917813359604,-0.06604384236783384,8.058764456835333e-06,1,9,0.0,0.0,1,,0.02336597816174988,0.018095150445949268,0.00018750264863302306,2.9630932984966627e-05
10,8,3,-4.0,-0.10795054015085055,-0.10571256870352498,2.5042580995225033e-06,1,8,0.0,0.0,1,,-0.009383958665598859,-0.012704213198314728,-0.00010040336380141664,-2.7737648348042014e-05
10,8,4,-5.0,-0.13557069797477647,-0.1345670804965294,5.036240213211093e-07,1,9,0.0,0.0,1,,-0.0026545887008294594,-0.004501041580556442,-3.550335798707144e-05,-1.228414410759728e-05
10,8,5,-6.0,-0.1532335800100144,-0.15313155284082722,5.204771626170752e-09,1,8,0.0,0.0,1,,-0.0001620492107646777,-0.00028800593150908913,-2.6007604746466505e-06,-9.432233770379198e-07
10,8,6,-7.0,-0.16525636708079586,-0.16437688994319008,3.8674001778494235e-07,1,7,0.0,0.0,1,,-0.0008517492157771655,-0.0015021026788812624,-1.5948210824107375e-05,-5.739308028633174e-06
10,8,7,-8.0,-0.168345056302483,-0.17099141927928624,3.5016185024983942e-06,1,8,0.0,0.0,1,,0.0015462103467060615,0.002413984663305696,3.308725570647803e-05,1.0541110521857748e-05
10,8,8,-9.0,-0.17577828688927494,-0.17485381385156362,4.273251987276448e-07,1,8,0.0,0.0,1,,-0.0003327443093636548,-0.00041977411025784667,-8.010420820993306e-06,-2.062148955383609e-06
10,8,9,-10.0,-0.177500655837663,-0.17714427781924025,6.350264600705878e-08,1,7,0.0,0.0,1,,-8.273854030467786e-05,-6.806425688459735e-05,-2.2131458744224977e-06,-3.715189585268322e-07
11,9,0,-1.0,-0.007374144457341952,-0.004202114027772806,5.030888523056332e-06,1,5,1.424406045667122e-06,5.985516625742204e-09,1,,-0.004374449500053709,-0.0001531842149777434,-1.181791253361084e-05,-8.374484938165528e-08
11,9,1,-2.0,-0.027210802909530558,-0.02512811169780915,2.168801341690694e-06,1,9,0.0,0.0,1,,-0.01042144333669431,-0.00262420442260104,-5.630866504483484e-05,-2.8692721916462195e-06
11,9,2,-3.0,-0.06202917813359604,-0.0658809529670584,7.418084683848186e-06,1,9,0.0,0.0,1,,0.022171875888201933,0.0177858258824811,0.00017969709556571304,2.9170198310703247e-05
11,9,3,-4.0,-0.10795054015085055,-0.10560001975309116,2.7624730701417405e-06,1,8,0.0,0.0,1,,-0.009767764741904968,-0.013468463936038793,-0.00010555347763626338,-2.9452498976861374e-05
11,9,4,-5.0,-0.13557069797477647,-0.134497974831848,5.753674706867529e-07,1,9,0.0,0.0,1,,-0.002824620716787824,-0.004774504506588757,-3.8154653026871064e-05,-1.3050958312982902e-05
11,9,5,-6.0,-0.1532335800100144,-0.15307997024061668,1.1797980627204744e-08,1,8,0.0,0.0,1,,-0.0002441468378690743,-0.0004236003503981371,-3.957489016973193e-06,-1.3894779255393623e-06
11,9,6,-7.0,-0.16525636708079586,-0.16433173810292837,4.27469373355423e-07,1,7,0.0,0.0,1,,-0.0009004432313980517,-0.0015221297019503888,-1.702831760890008e-05,-5.824971316619662e-06
11,9,7,-8.0,-0.168345056302483,-0.1709500971698373,3.393118960293968e-06,1,8,0.0,0.0,1,,0.00153574300088789,0.0022590650975107896,3.319142481059622e-05,9.880133738943446e-06
11,9,8,-9.0,-0.17577828688927494,-0.1748158811588921,4.6311239493691444e-07,1,8,0.0,0.0,1,,-0.00035003931577160864,-0.0004094399106044001,-8.510923752478495e-06,-2.0145440758663638e-06
11,9,9,-10.0,-0.177500655837663,-0.17710924935369554,7.659951784543945e-08,1,7,0.0,0.0,1,,-9.158827587071267e-05,-6.907653073262851e-05,-2.4743278744698342e-06,-3.7763706024489603e-07
12,10,0,-1.0,-0.007374144457341952,-0.004241353935724851,4.907188226166996e-06,1,5,3.589368297658257e-06,1.5223835999993163e-08,1,,-0.004221582734013045,-0.00015782054310893462,-1.1767670563618092e-05,-8.659712247736752e-08
12,10,1,-2.0,-0.027210802909530558,-0.025033752499881868,2.3697742430756583e-06,1,9,0.0,0.0,1,,-0.010531448812590006,-0.002907882646285184,-5.871287050028148e-05,-3.1911469154729293e-06
12,10,2,-3.0,-0.06202917813359604,-0.06567144693506959,6.633061011094902e-06,1,9,0.0,0.0,1,,0.020262398783710913,0.017701046383775416,0.00016944443499419695,2.913802572486362e-05
12,10,3,-4.0,-0.10795054015085055,-0.10546705781781116,3.0838422492596786e-06,1,8,0.0,0.0,1,,-0.010022139031476196,-0.014433882544271644,-0.00011174693274631512,-3.1679847753342785e-05
12,10,4,-5.0,-0.13557069797477647,-0.1344102957546519,6.732666562345556e-07,1,9,0.0,0.0,1,,-0.0030001612055958462,-0.005029933566467068,-4.181477769078131e-05,-1.3799780577605744e-05
12,10,5,-6.0,-0.1532335800100144,-0.15299345804327888,2.8829279454457303e-08,1,8,0.0,0.0,1,,-0.0003794742653123742,-0.0006204813422873028,-6.346711775545998e-06,-2.042772039729417e-06
12,10,6,-7.0,-0.16525636708079586,-0.16423864609495595,5.178780025086876e-07,1,8,0.0,0.0,1,,-0.000996699805982119,-0.001509218259473969,-1.9448119330185813e-05,-5.79682271523899e-06
12,10,7,-8.0,-0.168345056302483,-0.17085643328110808,3.153507164384923e-06,1,8,0.0,0.0,1,,0.001500513800391973,0.001899193534773141,3.3461482466109046e-05,8.336795294156597e-06
12,10,8,-9.0,-0.17577828688927494,-0.17472725033536526,5.523389188272192e-07,1,8,0.0,0.0,1,,-0.0003887278238953814,-0.0003750709308439904,-9.752216485754517e-06,-1.8522339631172883e-06
12,10,9,-10.0,-0.177500655837663,-0.17702768767896418,1.1184943957093887e-07,1,7,0.0,0.0,1,,-0.00011182023035138216,-6.775660879658376e-05,-3.1169912235073647e-06,-3.717847648363819e-07
13,11,0,-1.0,-0.007374144457341952,-0.00435258989284201,4.564895993125237e-06,1,6,6.883138321215388e-07,2.995949890949312e-09,1,,-0.0038966280798248816,-0.00016569096095147976,-1.1600791046470102e-05,-9.155361036994201e-08
13,11,1,-2.0,-0.027210802909530558,-0.025029007540371913,2.380115516440948e-06,1,9,0.0,0.0,1,,-0.009866696982888083,-0.003241369660529157,-5.874899409053463e-05,-3.582079472059305e-06
13,11,2,-3.0,-0.06202917813359604,-0.06554314693430595,6.1739883661824094e-06,1,9,0.0,0.0,1,,0.018210418776558,0.018487564180762014,0.00016264467029021104,3.0646268896776506e-05
13,11,3,-4.0,-0.10795054015085055,-0.1054117182795365,3.2228082471315576e-06,1,8,0.0,0.0,1,,-0.009649182291433744,-0.014791222533764742,-0.00011490770506099025,-3.2691942082415966e-05
13,11,4,-5.0,-0.13557069797477647,-0.13432477890355984,7.761571660101682e-07,1,9,0.0,0.0,1,,-0.0031015779412515224,-0.004989328344309188,-4.61690939880729e-05,-1.3784427968172496e-05
13,11,5,-6.0,-0.1532335800100144,-0.1528349084323487,7.946951341921105e-08,1,9,0.0,0.0,1,,-0.0006174086664234658,-0.0008672108402659926,-1.1028656750500456e-05,-2.875097697147888e-06
13,11,6,-7.0,-0.16525636708079586,-0.16403649403171264,7.440451279388479e-07,1,8,0.0,0.0,1,,-0.0012020947994727201,-0.0014205666936739755,-2.5051596433474862e-05,-5.494603096101388e-06
13,11,7,-8.0,-0.168345056302483,-0.17064887921453029,2.6538000050378406e-06,1,8,0.0,0.0,1,,0.0014038247921890439,0.001251842327976599,3.3435016627547986e-05,5.533708493548014e-06
13,11,8,-9.0,-0.17577828688927494,-0.1745371320030718,7.702327257730249e-07,1,8,0.0,0.0,1,,-0.00047014916503295,-0.0002894123086040695,-1.2597281293570102e-05,-1.439249759156352e-06
13,11,9,-10.0,-0.177500655837663,-0.1768624410194778,2.0365907707486538e-07,1,7,0.0,0.0,1,,-0.00015285928008448347,-5.534372703871667e-05,-4.550828386612562e-06,-3.0580533739593706e-07
14,12,0,-1.0,-0.007374144457341952,-0.0044570080991466286,4.254842266152557e-06,1,6,8.171709953604077e-07,3.642140720960807e-09,1,,-0.003671276689800609,-0.00016941055001108452,-1.1434988648677794e-05,-9.378836963112021e-08
14,12,1,-2.0,-0.027210802909530558,-0.02520489400494563,2.0118352667464564e-06,1,9,0.0,0.0,1,,-0.00869098404949533,-0.0031726098632433547,-5.413991499355849e-05,-3.512814361676255e-06
14,12,2,-3.0,-0.06202917813359604,-0.06573537429778707,6.867945003733312e-06,1,9,0.0,0.0,1,,0.018301637227724106,0.02026403888886027,0.00017101327273914377,3.3655480772657974e-05
14,12,3,-4.0,-0.10795054015085055,-0.10559169470424823,2.782075920478518e-06,1,8,0.0,0.0,1,,-0.008596657907546705,-0.013611762249373514,-0.00010710463296047755,-3.014275059237191e-05
14,12,4,-5.0,-0.13557069797477647,-0.13439918683265767,6.862191780537958e-07,1,9,0.0,0.0,1,,-0.002831854962843414,-0.004418895377986317,-4.410213679178595e-05,-1.2231853123808252e-05
14,12,5,-6.0,-0.1532335800100144,-0.1528042607684639,9.21575055827301e-08,1,9,0.0,0.0,1,,-0.0006528324877731393,-0.0008364604440804888,-1.2200331467110512e-05,-2.7784666765829874e-06
14,12,6,-7.0,-0.16525636708079586,-0.163946945869872,8.572919538076451e-07,1,8,0.0,0.0,1,,-0.0012809406640398025,-0.0012865346440799881,-2.792837542191443e-05,-4.985722005744406e-06
14,12,7,-8.0,-0.168345056302483,-0.170541848091838,2.4129470828895673e-06,1,8,0.0,0.0,1,,0.0013358966254512403,0.0009461608833964233,3.3287521564976824e-05,4.190477471760282e-06
14,12,8,-9.0,-0.17577828688927494,-0.1744359887604377,9.0088213334005e-07,1,8,0.0,0.0,1,,-0.0005077222515261163,-0.0002322276079083756,-1.4232701063121779e-05,-1.1570840101085785e-06
14,12,9,-10.0,-0.177500655837663,-0.17677576351323915,2.6273444100348383e-07,1,7,0.0,0.0,1,,-0.00017381170228405326,-4.5297810518273486e-05,-5.413742985232189e-06,-2.507758693949041e-07
15,13,0,-1.0,-0.007374144457341952,-0.00457905364003887,3.906266338486025e-06,1,6,9.659479719366662e-07,4.423131849499995e-09,1,,-0.0034796619814161656,-0.00016917705384583974,-1.1218190420769413e-05,-9.291832891227378e-08
15,13,1,-2.0,-0.027210802909530558,-0.02559783329739891,1.3008354848299784e-06,1,9,0.0,0.0,1,,-0.006797379075647906,-0.0026403937504469598,-4.3828563371973e-05,-2.9004048644269013e-06
15,13,2,-3.0,-0.06202917813359604,-0.0662483947870596,8.900894584433435e-06,1,9,0.0,0.0,1,,0.020081374630297674,0.023541608434312418,0.0001942229035894488,3.878978027865435e-05
15,13,3,-4.0,-0.10795054015085055,-0.10603973044357402,1.8255968687113184e-06,1,8,0.0,0.0,1,,-0.006708157680915585,-0.011047071596420365,-8.650655223290533e-05,-2.4269850048316568e-05
15,13,4,-5.0,-0.13557069797477647,-0.13470817548275063,3.7197252462489846e-07,1,9,0.0,0.0,1,,-0.002014342269263813,-0.003195793205247733,-3.2470503269989314e-05,-8.776242328094045e-06
15,13,5,-6.0,-0.1532335800100144,-0.1529854477734863,3.078480340220835e-08,1,9,0.0,0.0,1,,-0.00036557821630492886,-0.0004650857767485451,-7.071593849224675e-06,-1.532654418336955e-06
15,13,6,-7.0,-0.16525636708079586,-0.16404022559869702,7.395000522398328e-07,1,8,0.0,0.0,1,,-0.001155874243409513,-0.0011199683666327331,-2.608521231084464e-05,-4.305897915084044e-06
15,13,7,-8.0,-0.168345056302483,-0.17058388403240302,2.506174802130205e-06,1,8,0.0,0.0,1,,0.001323986311144812,0.0008793121215097805,3.414752497739985e-05,3.863607318635347e-06
15,13,8,-9.0,-0.17577828688927494,-0.1744515638495103,8.800970121212341e-07,1,8,0.0,0.0,1,,-0.0004878290446676554,-0.00020325366605995955,-1.4154544983339873e-05,-1.0047102434777078e-06
15,13,9,-10.0,-0.177500655837663,-0.1767790678423725,2.6034461747286915e-07,1,7,0.0,0.0,1,,-0.00016797120178556327,-3.873216717762006e-05,-5.415275785118161e-06,-2.1273146490505456e-07
16,14,0,-1.0,-0.007374144457341952,-0.00459010190422955,3.87544646877033e-06,1,6,8.344869013587984e-07,3.830383111386171e-09,1,,-0.0034587094923712587,-0.00016920875575670598,-1.1197350889910636e-05,-9.275075375148215e-08
16,14,1,-2.0,-0.027210802909530558,-0.025617915686982805,1.2686448518778687e-06,1,9,0.0,0.0,1,,-0.006686943580142923,-0.00261790675411646,-4.329710478029265e-05,-2.8699794358694066e-06
16,14,2,-3.0,-0.06202917813359604,-0.06626090709323736,8.953764993934803e-06,1,9,0.0,0.0,1,,0.020054456194629696,0.023691151482526904,0.00019477505995768674,3.8958483219468286e-05
16,14,3,-4.0,-0.10795054015085055,-0.10604408372157367,1.8172880583657849e-06,1,8,0.0,0.0,1,,-0.006666588108103969,-0.011036797640226394,-8.633061140242528e-05,-2.419901489271512e-05
16,14,4,-5.0,-0.13557069797477647,-0.13470437679810757,3.7525619057216137e-07,1,9,0.0,0.0,1,,-0.002016761792429201,-0.003205786586287617,-3.2645686926011085e-05,-8.7861624215266e-06
16,14,5,-6.0,-0.1532335800100144,-0.15297618209472158,3.3126843398534205e-08,1,9,0.0,0.0,1,,-0.00037827439248913874,-0.00048042442015468233,-7.347834991133727e-06,-1.5800504019083163e-06
16,14,6,-7.0,-0.16525636708079586,-0.1640290717996921,7.531268535088353e-07,1,8,0.0,0.0,1,,-0.0011642947682076329,-0.0011212476666403284,-2.6385309206697856e-05,-4.302235781507476e-06
16,14,7,-8.0,-0.168345056302483,-0.17057332797878674,2.4825973317095416e-06,1,8,0.0,0.0,1,,0.0013156998715253279,0.0008647632306607139,3.407595384295505e-05,3.79211778263695e-06
16,14,8,-9.0,-0.17577828688927494,-0.17444269310088217,8.919053837967415e-07,1,8,0.0,0.0,1,,-0.0004903616211926376,-0.00020134670522270928,-1.4287629628319689e-05,-9.933027834251787e-07
16,14,9,-10.0,-0.177500655837663,-0.17677201032813686,2.6546213927547743e-07,1,7,0.0,0.0,1,,-0.00016933633759344687,-3.833308573315286e-05,-5.482155684449548e-06,-2.1012048575560065e-07
17,15,0,-1.0,-0.007374144457341952,-0.004585382747792684,3.888595936324095e-06,1,5,1.2437164701234786e-06,5.702923138069249e-09,1,,-0.0034394788475695555,-0.000177553790054993,-1.1216779931847014e-05,-9.348995815317658e-08
17,15,1,-2.0,-0.027210802909530558,-0.025534110972998156,1.4056479250163054e-06,1,9,0.0,0.0,1,,-0.0069726204993813025,-0.002989068962824678,-4.547802336107471e-05,-3.147755191988702e-06
17,15,2,-3.0,-0.06202917813359604,-0.06629288258394692,9.089587819972258e-06,1,9,0.0,0.0,1,,0.020023401989779536,0.025592184161306833,0.00019590010890600996,4.042626562149831e-05
17,15,3,-4.0,-0.10795054015085055,-0.10620247174725686,1.527871571821493e-06,1,8,0.0,0.0,1,,-0.0060810218394569395,-0.010246298796754235,-7.932537079812889e-05,-2.158052600142862e-05
17,15,4,-5.0,-0.13557069797477647,-0.13481909737623968,2.824517298601419e-07,1,9,0.0,0.0,1,,-0.0017644211753859254,-0.0026974266095583315,-2.8770527321864174e-05,-7.101574705072943e-06
17,15,5,-6.0,-0.1532335800100144,-0.15300280936662647,2.66275449248303e-08,1,9,0.0,0.0,1,,-0.00034463874984175106,-0.0003948347553761296,-6.743586195961236e-06,-1.2473882335973044e-06
17,15,6,-7.0,-0.16525636708079586,-0.16399640614713082,7.937507771800586e-07,1,8,0.0,0.0,1,,-0.001222289146633549,-0.0009833676161516525,-2.7902784941948508e-05,-3.6245071467252775e-06
17,15,7,-8.0,-0.168345056302483,-0.17051738541038622,2.3595068765225723e-06,1,8,0.0,0.0,1,,0.0013125448641593315,0.0006707141124435542,3.4243622465897203e-05,2.825286209240863e-06
17,15,8,-9.0,-0.17577828688927494,-0.17438562423087034,9.697546400573577e-07,1,8,0.0,0.0,1,,-0.0005219085473148751,-0.0001553689271234981,-1.531836717509032e-05,-7.362777804701787e-07
17,15,9,-10.0,-0.177500655837663,-0.17672271360460384,3.0259705898765015e-07,1,7,0.0,0.0,1,,-0.000183726060238968,-2.8233256111264516e-05,-5.991648376910379e-06,-1.4866063583077683e-07
18,16,0,-1.0,-0.007374144457341952,-0.004724424876052195,3.5105069297352006e-06,1,6,8.638571801285127e-07,4.081231876756908e-09,1,,-0.0031975417785834676,-0.00017792942324165742,-1.0928054633981237e-05,-8.343464508801244e-08
18,16,1,-2.0,-0.027210802909530558,-0.025789630047919725,1.009866151289493e-06,1,9,0.0,0.0,1,,-0.005669124981821664,-0.0027177610317356805,-3.875008479523942e-05,-2.5488243932418727e-06
18,16,2,-3.0,-0.06202917813359604,-0.066357181809045,9.365807907351194e-06,1,9,0.0,0.0,1,,0.01940082335285248,0.028894582145484612,0.00019891523447563617,4.0647732606888585e-05
18,16,3,-4.0,-0.10795054015085055,-0.10617617970892074,1.5741774889428808e-06,1,8,0.0,0.0,1,,-0.005890998553501528,-0.011683144260478067,-8.053330777105748e-05,-2.191383475820358e-05
18,16,4,-5.0,-0.13557069797477647,-0.1347627087942009,3.2642325796327127e-07,1,9,0.0,0.0,1,,-0.0018173734010361584,-0.0032189216382395303,-3.105566274362438e-05,-7.547081858627697e-06
18,16,5,-6.0,-0.1532335800100144,-0.15292388431419435,4.7955712004720525e-08,1,9,0.0,0.0,1,,-0.0004453687815478323,-0.0005745234617986655,-9.132667619149264e-06,-1.616432861634231e-06
18,16,6,-7.0,-0.16525636708079586,-0.16390885591351648,9.07893172970272e-07,1,8,0.0,0.0,1,,-0.0012649035088501594,-0.0011013606642619135,-3.0260915809790804e-05,-3.6151494296843784e-06
18,16,7,-8.0,-0.168345056302483,-0.17043558862640854,2.1851626986894957e-06,1,8,0.0,0.0,1,,0.0012254974730080415,0.0006498622926101555,3.350649784415551e-05,2.4378668239195843e-06
18,16,8,-9.0,-0.17577828688927494,-0.1743170715043249,1.0675752006074162e-06,1,8,0.0,0.0,1,,-0.0005318151217767019,-0.0001574380774477009,-1.6357985595031257e-05,-6.644326097551456e-07
18,16,9,-10.0,-0.177500655837663,-0.17666833149492225,3.4638190575846177e-07,1,7,0.0,0.0,1,,-0.00019084599595466122,-2.8014007633275796e-05,-6.522433841014881e-06,-1.3136325301283202e-07
19,17,0,-1.0,-0.007374144457341952,-0.005146393093263324,2.4814380700771083e-06,1,8,0.0,0.0,1,,-0.0025315149918699836,-0.0001848489792225901,-9.867870899692056e-06,-4.6963272319785036e-08
19,17,1,-2.0,-0.027210802909530558,-0.026503704747757123,2.4999390519165085e-07,1,9,0.0,0.0,1,,-0.0024809226112246213,-0.001880010745985962,-1.9341322582180314e-05,-9.552820578093946e-07
19,17,2,-3.0,-0.06202917813359604,-0.06637174770077729,9.428955222905733e-06,1,9,0.0,0.0,1,,0.017135045281769293,0.05006160651778701,0.00020037773654578585,3.8156394526198764e-05
19,17,3,-4.0,-0.10795054015085055,-0.10609502819505655,1.7214623090474503e-06,1,8,0.0,0.0,1,,-0.005404988332141034,-0.02297937615110008,-8.427479552315279e-05,-2.335283006617761e-05
19,17,4,-5.0,-0.13557069797477647,-0.13474667435014767,3.395074669728727e-07,1,9,0.0,0.0,1,,-0.0016377100967299029,-0.005871125362890835,-3.191905214378223e-05,-7.4581764097548456e-06
19,17,5,-6.0,-0.1532335800100144,-0.15284863329691764,7.409198596198334e-08,1,9,0.0,0.0,1,,-0.000496976171863915,-0.0011545567509633307,-1.1623308698370486e-05,-1.7599803904411052e-06
19,17,6,-7.0,-0.16525636708079586,-0.1637630716903899,1.1149655615026885e-06,1,8,0.0,0.0,1,,-0.0012754360313269612,-0.0016915578982264813,-3.480163734703878e-05,-3.0083350304251867e-06
19,17,7,-8.0,-0.168345056302483,-0.17026652288986555,1.8460169232144493e-06,1,8,0.0,0.0,1,,0.0010301615364211882,0.0006952483839673791,3.212464024073925e-05,1.4130947035133007e-06
19,17,8,-9.0,-0.17577828688927494,-0.17416168927608872,1.3066939214797838e-06,1,8,0.0,0.0,1,,-0.0005383383663784494,-0.00016912711186289032,-1.8886035299615893e-05,-3.8672035842636736e-07
19,17,9,-10.0,-0.177500655837663,-0.17653997133957655,4.6145735243071433e-07,1,7,0.0,0.0,1,,-0.00020119146391523964,-2.6335462972642758e-05,-7.84246349878096e-06,-6.690864750518879e-08
20,18,0,-1.0,-0.007374144457341952,-0.0056679237163793994,1.4555946084454123e-06,1,8,0.0,0.0,1,,-0.0017837524849678328,-0.00016919585946061327,-8.106461854914534e-06,-1.2889908037891243e-08
20,18,1,-2.0,-0.027210802909530558,-0.027140392470007886,2.478814996884481e-09,1,9,0.0,0.0,1,,-0.0001640391954745101,-0.00023469353596377652,-1.4909887913613355e-06,-3.5759481411716505e-08
20,18,2,-3.0,-0.06202917813359604,-0.06479599544998976,3.827639031148942e-06,1,9,0.0,0.0,1,,0.009654829945304408,0.0683612384260819,0.00013163235032921322,1.5623965257973912e-05
20,18,3,-4.0,-0.10795054015085055,-0.10351960084100412,9.816611583771692e-06,1,8,0.0,0.0,1,,-0.011196559280640266,-0.18461743796958813,-0.0002035360432115925,-5.625910244388797e-05
20,18,4,-5.0,-0.13557069797477647,-0.13300307323291255,3.296348407514888e-06,1,9,0.0,0.0,1,,-0.004309027006451011,-0.07674644929636402,-9.791426600373188e-05,-2.9234009532458453e-05
20,18,5,-6.0,-0.1532335800100144,-0.1518989699291505,8.905920339717158e-07,1,9,0.0,0.0,1,,-0.0014892459348745184,-0.018772818625252086,-4.0608264202747355e-05,-8.581057708962515e-06
20,18,6,-7.0,-0.16525636708079586,-0.1632167579005591,2.080002804051465e-06,1,8,1.3269069465889998e-07,2.165734785952722e-08,1,,-0.0014992139710771856,-0.010533302284937637,-4.7693414192372856e-05,-5.6172360691745325e-06
20,18,7,-8.0,-0.168345056302483,-0.16990691352303863,1.2196989887014412e-06,1,8,0.0,0.0,1,,0.0007351312172663018,0.0024462993584160953,2.672708560788258e-05,1.4909383179310236e-06
20,18,8,-9.0,-0.17577828688927494,-0.17390487079620903,1.7548439288792636e-06,1,7,0.0,0.0,1,,-0.0005553422622225409,-0.0007748458299076399,-2.2714332917603366e-05,-5.312731866249042e-07
20,18,9,-10.0,-0.177500655837663,-0.17635057203554133,6.613463759500105e-07,1,7,0.0,0.0,1,,-0.00021585426886731578,-0.00011180096116998966,-9.809737682439084e-06,-8.517372189981582e-08
21,18,0,-1.0,-0.007374144457341952,-0.005231554550237523,2.2953457550128964e-06,1,7,0.0,0.0,1,,-0.002407974574003418,-0.00018370947106656046,-9.636661663311725e-06,-3.796290563810865e-08
21,18,1,-2.0,-0.027210802909530558,-0.02657992763744604,1.990018044638264e-07,1,9,0.0,0.0,1,,-0.0021609323009808843,-0.0017817158225892696,-1.7296007762451497e-05,-7.36370414156546e-07
21,18,2,-3.0,-0.06202917813359604,-0.06603257852475965,8.013607345985706e-06,1,9,0.0,0.0,1,,0.015459657389905217,0.053571409607669325,0.00018560763386659657,3.321102101098922e-05
21,18,3,-4.0,-0.10795054015085055,-0.10565837240163135,2.6270164952805574e-06,1,8,0.0,0.0,1,,-0.006501042364894284,-0.03537995086931741,-0.0001040681183359592,-2.924456161209413e-05
21,18,4,-5.0,-0.13557069797477647,-0.13447067649073643,6.050236326743951e-07,1,9,0.0,0.0,1,,-0.002120312438869997,-0.01007543243717362,-4.242722040027738e-05,-1.0410260523176281e-05
21,18,5,-6.0,-0.1532335800100144,-0.15269755890174913,1.436593142529415e-07,1,9,0.0,0.0,1,,-0.0006888652329829503,-0.0021713384895158294,-1.654094171975846e-05,-2.6921960323759626e-06
21,18,6,-7.0,-0.16525636708079586,-0.16367325055492438,1.253128967242463e-06,1,8,0.0,0.0,1,,-0.0013180440689059864,-0.002331644820467501,-3.692348507561346e-05,-3.3727824837210633e-06
21,18,7,-8.0,-0.168345056302483,-0.17020615628247965,1.7318465677724264e-06,1,8,0.0,0.0,1,,0.0009759142694371958,0.0008663605231559391,3.124470076551877e-05,1.4322424466502636e-06
21,18,8,-9.0,-0.17577828688927494,-0.1741183953179901,1.3776200142113353e-06,1,7,0.0,0.0,1,,-0.0005420641378698812,-0.00022011886193579758,-1.9523959586515875e-05,-4.0938098524199107e-07
21,18,9,-10.0,-0.177500655837663,-0.17650808051965367,4.926028809595383e-07,1,8,0.0,0.0,1,,-0.00020392101091629136,-3.3700462266873664e-05,-8.160874327562481e-06,-6.964080085649295e-08
22,19,0,-1.0,-0.007374144457341952,-0.005683092401014332,1.4298285286049475e-06,1,8,0.0,0.0,1,,-0.0017648211218131555,-0.00016810472238050852,-8.051916114727784e-06,-1.1509973748989062e-08
22,19,1,-2.0,-0.027210802909530558,-0.02715025678860706,1.8329163794385112e-09,1,9,0.0,0.0,1,,-0.0001402716427486964,-0.00020374070018233065,-1.2799659826455137e-06,-2.7899871907122378e-08
22,19,2,-3.0,-0.06202917813359604,-0.06463388349729775,3.3922450158490326e-06,1,9,0.0,0.0,1,,0.009086679008566774,0.06696293080165786,0.00012437267930576762,1.3754668484646077e-05
22,19,3,-4.0,-0.10795054015085055,-0.10319823739380626,1.12921907473059e-05,1,8,0.0,0.0,1,,-0.012005495826954374,-0.21769545546779723,-0.0002190981150883701,-5.962162019546196e-05
22,19,4,-5.0,-0.13557069797477647,-0.13276211009285394,3.944082945239968e-06,1,9,0.0,0.0,1,,-0.004682973341928863,-0.09572929385677466,-0.00010682926459418741,-3.27724778845504e-05
22,19,5,-6.0,-0.1532335800100144,-0.15178145460900683,1.0543340901256419e-06,1,9,0.0,0.0,1,,-0.0016043763281872363,-0.023885648330607762,-4.391936423929416e-05,-9.812568547857413e-06
22,19,6,-7.0,-0.16525636708079586,-0.1631715577064237,2.1732150637334093e-06,1,8,1.8314367906956638e-07,2.9883844870903786e-08,1,,-0.0015180952060158343,-0.012861433265382003,-4.8483682404685415e-05,-6.164272485259309e-06
22,19,7,-8.0,-0.168345056302483,-0.16989129910896977,1.1954334083065985e-06,1,8,0.0,0.0,1,,0.0007225491985306542,0.002939779750638493,2.6372782888524873e-05,1.6102718485717015e-06
22,19,8,-9.0,-0.17577828688927494,-0.17389905890788432,1.7657489030208342e-06,1,7,0.0,0.0,1,,-0.000554161583582742,-0.0009523843951459055,-2.275503322617613e-05,-5.868798513599525e-07
22,19,9,-10.0,-0.177500655837663,-0.17634776360749707,6.645802471871746e-07,1,8,0.0,0.0,1,,-0.0002154107697790055,-0.00013755180096167708,-9.828018415189273e-06,-9.418043679973122e-08
23,19,0,-1.0,-0.007374144457341952,-0.005233081677177799,2.2920749143021408e-06,1,7,0.0,0.0,1,,-0.0024057359109379696,-0.00018368335331960716,-9.632199457174064e-06,-3.7808422796817624e-08
23,19,1,-2.0,-0.027210802909530558,-0.026581292977537228,1.9814137723909293e-07,1,9,0.0,0.0,1,,-0.0021553405922423966,-0.00177972794226313,-1.725930962599141e-05,-7.326598223336327e-07
23,19,2,-3.0,-0.06202917813359604,-0.06602603304889175,7.98742460696298e-06,1,9,0.0,0.0,1,,0.015428685069737899,0.05362993465392606,0.0001853223015185777,3.311671755741351e-05
23,19,3,-4.0,-0.10795054015085055,-0.10564964911765663,2.647049773316346e-06,1,8,0.0,0.0,1,,-0.006522747861965295,-0.035662550957373175,-0.00010446434811011235,-2.936237345935884e-05
23,19,4,-5.0,-0.13557069797477647,-0.1344651303135346,6.111399267914779e-07,1,9,0.0,0.0,1,,-0.002129819356531011,-0.010175104035888708,-4.263735839953087e-05,-1.0471951552438808e-05
23,19,5,-6.0,-0.1532335800100144,-0.1526945999686656,1.4524974248615133e-07,1,9,0.0,0.0,1,,-0.0006922942710492992,-0.0021945152789504523,-1.663104367729014e-05,-2.7102454305567926e-06
23,19,6,-7.0,-0.16525636708079586,-0.1636715700785764,1.2557907691206393e-06,1,8,0.0,0.0,1,,-0.0013188208561722469,-0.0023462233311026645,-3.6962502135097746e-05,-3.3805405581103193e-06
23,19,7,-8.0,-0.168345056302483,-0.1702050688787248,1.7298233918894972e-06,1,8,0.0,0.0,1,,0.0009749065267490489,0.0008702367650693242,3.122701565056326e-05,1.432999951381594e-06
23,19,8,-9.0,-0.17577828688927494,-0.17411762657274876,1.3788963434424993e-06,1,8,0.0,0.0,1,,-0.0005418631797970222,-0.00022096132729491604,-1.9525837322026436e-05,-4.093337376423118e-07
23,19,9,-10.0,-0.177500655837663,-0.176507515850699,4.931635168523112e-07,1,7,0.0,0.0,1,,-0.00020404687923540127,-3.3984109913417694e-05,-8.16972565639205e-06,-6.99511182019189e-08
24,20,0,-1.0,-0.007374144457341952,-0.005371045375045002,2.0062029667494555e-06,1,5,1.2824701255343827e-06,6.888214070313592e-09,1,,-0.0022260027637181984,-0.00019089450725968144,-9.238700073763771e-06,-2.8780466886714657e-08
24,20,1,-2.0,-0.027210802909530558,-0.02686573574130657,5.953567529304419e-08,1,9,0.0,0.0,1,,-0.0010903892512196503,-0.001144904524239463,-9.051003367891148e-06,-3.4522613794748157e-07
24,20,2,-3.0,-0.06202917813359604,-0.0661738721286874,8.58924415647449e-06,1,9,0.0,0.0,1,,0.015457746526923557,0.07363644991259898,0.0001924653728730805,3.330569494304756e-05
24,20,3,-4.0,-0.10795054015085055,-0.10588398197768638,2.1353313415360526e-06,1,8,0.0,0.0,1,,-0.00563766150923076,-0.04367225090314703,-9.359317005372601e-05,-2.6337222354470257e-05
24,20,4,-5.0,-0.13557069797477647,-0.1347369726545027,3.4754895483246734e-07,1,9,0.0,0.0,1,,-0.0015524404655597865,-0.010125869347646714,-3.221588956997531e-05,-7.63320149025314e-06
24,20,5,-6.0,-0.1532335800100144,-0.15287170393072036,6.547714838259833e-08,1,9,0.0,0.0,1,,-0.00044117568030073445,-0.0017495972066441756,-1.0986212209356888e-05,-1.5826822424726281e-06
24,20,6,-7.0,-0.16525636708079586,-0.16374920770785883,1.1357646877147881e-06,1,8,0.0,0.0,1,,-0.0012231772493803128,-0.0024990883469456385,-3.5536332433119674e-05,-2.6374488880858847e-06
24,20,7,-8.0,-0.168345056302483,-0.1702266625380171,1.7702210128010827e-06,1,8,0.0,0.0,1,,0.0009601772863789092,0.0008892174750496512,3.1880607198088955e-05,1.0725125395437816e-06
24,20,8,-9.0,-0.17577828688927494,-0.17411648932506882,1.3807855722007872e-06,1,7,0.0,0.0,1,,-0.0005268055616058985,-0.00020205623209663493,-1.967786740508884e-05,-2.741695139648531e-07
24,20,9,-10.0,-0.177500655837663,-0.17649954718065886,5.011092715631832e-07,1,8,0.0,0.0,1,,-0.0001993044413178426,-2.8306498441758194e-05,-8.27184038904319e-06,-4.267667272204564e-08
25,21,0,-1.0,-0.007374144457341952,-0.005184186550199209,2.397957817528527e-06,1,7,0.0,0.0,1,,-0.0025170612538753553,-0.00020313554177152956,-9.77333434530688e-06,-2.725060808439215e-08
25,21,1,-2.0,-0.027210802909530558,-0.026599422508382594,1.8689299745389282e-07,1,9,0.0,0.0,1,,-0.002162198819115934,-0.002103710673316084,-1.6790923898027785e-05,-5.64425059066882e-07
25,21,2,-3.0,-0.06202917813359604,-0.06603824437996247,8.036306083878572e-06,1,9,0.0,0.0,1,,0.016042100188528148,0.07595478557720153,0.0001868664997746932,3.0567975586856967e-05
25,21,3,-4.0,-0.10795054015085055,-0.1059254910614751,2.0504119071903994e-06,1,8,0.0,0.0,1,,-0.005876330632952835,-0.04841747236685891,-9.126729659199744e-05,-2.5980791985483643e-05
25,21,4,-5.0,-0.13557069797477647,-0.1349959345175814,1.651765158631886e-07,1,9,0.0,0.0,1,,-0.0011222965694863837,-0.008280209490206546,-2.1788463811307258e-05,-5.55394545204862e-06
25,21,5,-6.0,-0.1532335800100144,-0.15323274003614318,3.5277805213307966e-13,1,9,0.0,0.0,1,,3.170869629174687e-07,1.4827867039828017e-05,7.387178759417964e-09,1.193493929932628e-08
25,21,6,-7.0,-0.16525636708079586,-0.164097551088175,6.714272523760272e-07,1,8,0.0,0.0,1,,-0.0009723549656612435,-0.0025082524710432616,-2.6428459446375142e-05,-2.3553723355506964e-06
25,21,7,-8.0,-0.168345056302483,-0.17050986321295344,2.3431944798110678e-06,1,8,0.0,0.0,1,,0.0011397525166911403,0.0013904894244491,3.540377064523841e-05,1.492271889821388e-06
25,21,8,-9.0,-0.17577828688927494,-0.1743288259034953,1.0504685746487206e-06,1,7,0.0,0.0,1,,-0.0004731538806461806,-0.0002468447461055131,-1.653460740652772e-05,-2.9802773249961816e-07
25,21,9,-10.0,-0.177500655837663,-0.17665476332476465,3.577670716877797e-07,1,7,0.0,0.0,1,,-0.00017324498573360872,-3.4234366095593766e-05,-6.7268175004306155e-06,-4.592536024713913e-08
26,22,0,-1.0,-0.007374144457341952,-0.0049666778835712804,2.897947651911564e-06,1,7,0.0,0.0,1,,-0.0028461686683951912,-0.00021608071278096829,-1.0356065514078665e-05,-2.8220933865067037e-08
26,22,1,-2.0,-0.027210802909530558,-0.02611492228839757,6.0047716788736e-07,1,9,0.0,0.0,1,,-0.004103569229810995,-0.0037830019434950853,-2.986248303368595e-05,-9.88147866459629e-07
26,22,2,-3.0,-0.06202917813359604,-0.06568519733657247,6.683238206267324e-06,1,9,0.0,0.0,1,,0.015635915127790372,0.07057850480072235,0.00017067845967885608,2.765343501475064e-05
26,22,3,-4.0,-0.10795054015085055,-0.10580822562661447,2.2947557603766633e-06,1,8,0.0,0.0,1,,-0.006638200944544445,-0.05267455538189896,-9.66149963502806e-05,-2.7517960759620543e-05
26,22,4,-5.0,-0.13557069797477647,-0.1350403700489953,1.4062385443147356e-07,1,9,0.0,0.0,1,,-0.001100706706638918,-0.007936002016715961,-2.0025149760652978e-05,-5.182354898417097e-06
26,22,5,-6.0,-0.1532335800100144,-0.15335269982498384,7.094765159181772e-09,1,9,0.0,0.0,1,,0.00015970318109483192,0.0007517306994506858,3.486574688120791e-06,5.890727241827133e-07
26,22,6,-7.0,-0.16525636708079586,-0.1642320827484267,5.24579196767658e-07,1,8,0.0,0.0,1,,-0.0009060014542980471,-0.0023746192637929078,-2.30760297677513e-05,-2.170937916439856e-06
26,22,7,-8.0,-0.168345056302483,-0.1706283347898874,2.606680325522673e-06,1,8,0.0,0.0,1,,0.0012640343625257226,0.001597911514056126,3.679450994095594e-05,1.6695448503490463e-06
26,22,8,-9.0,-0.17577828688927494,-0.17442255282230232,9.190074301751344e-07,1,7,0.0,0.0,1,,-0.0004644033629908147,-0.00025528232380291516,-1.5207997104833508e-05,-3.0006727281764044e-07
26,22,9,-10.0,-0.177500655837663,-0.17672602862357123,3.0002366040490853e-07,1,7,0.0,0.0,1,,-0.0001662392515318459,-3.5023028568700445e-05,-6.048779185127925e-06,-4.5741360266297545e-08
27,23,0,-1.0,-0.007374144457341952,-0.004952555108104939,2.932047488169086e-06,1,6,1.3409570734339403e-06,6.641163803784711e-09,1,,-0.0028733764034190256,-0.00021703144934795624,-1.0404592210897452e-05,-2.741420731384453e-08
27,23,1,-2.0,-0.027210802909530558,-0.026078622756054763,6.409159499621819e-07,1,9,0.0,0.0,1,,-0.004258124924796238,-0.003922362103391112,-3.083762598791158e-05,-9.909019931018015e-07
27,23,2,-3.0,-0.06202917813359604,-0.06560317963380817,6.38674336176039e-06,1,9,0.0,0.0,1,,0.015377644193965982,0.07025178467295055,0.0001670488942681953,2.662144580858599e-05
27,23,3,-4.0,-0.10795054015085055,-0.10572054722461166,2.4864342255379942e-06,1,8,0.0,0.0,1,,-0.006944151381520483,-0.056751408675605096,-0.00010058001908763416,-2.867409101233832e-05
27,23,4,-5.0,-0.13557069797477647,-0.13499965598911406,1.6304447469441051e-07,1,9,0.0,0.0,1,,-0.0011884620802127498,-0.008938692074579625,-2.1517305021393916e-05,-5.6454296919492415e-06
27,23,5,-6.0,-0.1532335800100144,-0.15334892553929824,6.652295562889604e-09,1,9,0.0,0.0,1,,0.0001549171977385055,0.0007675381714069202,3.3657621751320365e-06,5.817069539586402e-07
27,23,6,-7.0,-0.16525636708079586,-0.16424344010829822,5.130105258058254e-07,1,8,0.0,0.0,1,,-0.0008973686812310368,-0.0024963188176776413,-2.2745814387391033e-05,-2.2072479014637177e-06
27,23,7,-8.0,-0.168345056302483,-0.17064208502908276,2.6381704854130844e-06,1,8,0.0,0.0,1,,0.001274104598968184,0.0017187792218096333,3.6908603468780724e-05,1.7368531631699814e-06
27,23,8,-9.0,-0.17577828688927494,-0.17443419639332924,9.032896306458447e-07,1,7,0.0,0.0,1,,-0.00046142893763318144,-0.00027165851926189106,-1.5037646763582423e-05,-3.088295585359443e-07
27,23,9,-10.0,-0.177500655837663,-0.17673493678642102,2.9316283271658835e-07,1,7,0.0,0.0,1,,-0.0001647154169350396,-3.723863961618703e-05,-5.964400424593747e-06,-4.703778137203071e-08
