evaluation,iteration,point_index,phi_applied,target_observable,simulated_observable,target_flux,simulated_flux,point_objective,dJ_dkappa0,dJ_dkappa1,converged,steps_taken,reason
1,0,0,0.0,-0.03298406327095788,1.0354130747236567e-16,-0.03298406327095788,1.0354130747236567e-16,0.0005439742149312798,0.00045657070414635245,-0.00045657070414635256,1,5,replay
1,0,1,0.002857142857142857,-0.04535464829707598,-0.018756939619315675,-0.04535464829707598,-0.018756939619315675,0.00035371905345350286,0.00034101391909114703,-0.00036653127834493566,1,18,replay
1,0,2,0.005714285714285714,-0.05770494981500504,-0.03753696794485219,-0.05770494981500504,-0.03753696794485219,0.0002033737463574071,0.0002479416133688366,-0.00028659867228628995,1,18,replay
1,0,3,0.008571428571428572,-0.07008878315244449,-0.05636397691554961,-0.07008878315244449,-0.05636397691554961,9.418515312015427e-05,0.00016107372723255835,-0.00020046379223951082,1,18,replay
1,0,4,0.01142857142857143,-0.08254741857777903,-0.07526350359341366,-0.08254741857777903,-0.07526350359341366,2.652770874973118e-05,8.12048928970308e-05,-0.00010900558773185012,1,18,replay
1,0,5,0.01428571428571429,-0.0951311089464362,-0.09426365296652135,-0.0951311089464362,-0.09426365296652135,3.7623993854501353e-07,9.136489513847966e-06,-1.32605465428604e-05,1,18,replay
1,0,6,0.01714285714285714,-0.1078966172781416,-0.11339615170081556,-0.1078966172781416,-0.11339615170081556,1.5122439433087934e-05,-5.4384731325407174e-05,8.561702197618056e-05,1,18,replay
1,0,7,0.02,-0.1209100158631154,-0.13269759597403324,-0.1209100158631154,-0.13269759597403324,6.947352243565304e-05,-0.00010867006847122445,0.00018631748748852963,1,18,replay
1,0,8,0.02285714285714286,-0.1342504809363394,-0.15221097723427207,-0.1342504809363394,-0.15221097723427207,0.00016128971363402658,-0.0001530938619951228,0.0002873188070873606,1,18,replay
1,0,9,0.02571428571428571,-0.148005823108214,-0.1719876015667486,-0.148005823108214,-0.1719876015667486,0.0002875628490171173,-0.00018717733042954466,0.0003869588700993748,1,18,replay
1,0,10,0.02857142857142857,-0.1623191851265599,-0.1920895678874776,-0.1623191851265599,-0.1920895678874776,0.00044313784486577296,-0.0002102884621047003,0.00048267944796113023,1,18,replay
1,0,11,0.03142857142857143,-0.1773445180650449,-0.2125930474521042,-0.1773445180650449,-0.2125930474521042,0.0006212294119751916,-0.00022212361405982926,0.0005717372465457278,1,18,replay
1,0,12,0.03428571428571429,-0.1932953500569945,-0.23359273184009618,-0.1932953500569945,-0.23359273184009618,0.0008119394892865279,-0.00022246890190491533,0.0006504259030866101,1,18,replay
1,0,13,0.03714285714285714,-0.2105057792763785,-0.2552080220127607,-0.2105057792763785,-0.2552080220127607,0.0009991452528312179,-0.0002111218637804982,0.0007131360290544358,1,18,replay
1,0,14,0.04,-0.2294390996047444,-0.27759188263874385,-0.2294390996047444,-0.27759188263874385,0.0011593452569597124,-0.0001883036002995497,0.0007524052345485835,1,18,replay
2,0,0,0.0,-0.03298406327095788,4.077145925843125e-05,-0.03298406327095788,4.077145925843125e-05,0.0005453198544790508,0.00045711509506772975,-0.0004573408271959456,1,5,replay
2,0,1,0.002857142857142857,-0.04535464829707598,-0.01871659976267346,-0.04535464829707598,-0.01871659976267346,0.00035479281486059213,0.00034151611113984634,-0.0003672512450391583,1,18,replay
2,0,2,0.005714285714285714,-0.05770494981500504,-0.03749561099660067,-0.05770494981500504,-0.03749561099660067,0.00020420868773853292,0.0002484388642986637,-0.000287315721598362,1,18,replay
2,0,3,0.008571428571428572,-0.07008878315244449,-0.05632170385876636,-0.07008878315244449,-0.05632170385876636,9.476623613921058e-05,0.0001615623647765333,-0.0002011724354646281,1,18,replay
2,0,4,0.01142857142857143,-0.08254741857777903,-0.07522041897570254,-0.08254741857777903,-0.07522041897570254,2.6842461584414498e-05,8.168131527347914e-05,-0.00010970041444275183,1,18,replay
2,0,5,0.01428571428571429,-0.0951311089464362,-0.09421986583062247,-0.0951311089464362,-0.09421986583062247,4.151820080589536e-07,9.597200027450139e-06,-1.393630328117761e-05,1,18,replay
2,0,6,0.01714285714285714,-0.1078966172781416,-0.11335177694243355,-0.1078966172781416,-0.11335177694243355,1.4879383481458962e-05,-5.39430883058693e-05,8.496538180460277e-05,1,18,replay
2,0,7,0.02,-0.1209100158631154,-0.13265275629128903,-0.1209100158631154,-0.13265275629128903,6.894597638173178e-05,-0.00010825067316817306,0.00018569475030713885,1,18,replay
2,0,8,0.02285714285714286,-0.1342504809363394,-0.15216580590559242,-0.1342504809363394,-0.15216580590559242,0.0001604794343769704,-0.00015269968680007534,0.00028672943576348725,1,18,replay
2,0,9,0.02571428571428571,-0.148005823108214,-0.17194224640540712,-0.148005823108214,-0.17194224640540712,0.0002864761801312047,-0.00018681110455357443,0.00038640699275311637,1,18,replay
2,0,10,0.02857142857142857,-0.1623191851265599,-0.1920441968957242,-0.1623191851265599,-0.1920441968957242,0.0004417881623384776,-0.0002099526581935559,0.00048216851374994053,1,18,replay
2,0,11,0.03142857142857143,-0.1773445180650449,-0.2125478569791507,-0.1773445180650449,-0.2125478569791507,0.0006196375353506986,-0.00022182040830814043,0.0005712700297914158,1,18,replay
2,0,12,0.03428571428571429,-0.1932953500569945,-0.23354795851335447,-0.1932953500569945,-0.23354795851335447,0.0008101362437705112,-0.0002222001518943895,0.0006500041563353715,1,18,replay
2,0,13,0.03714285714285714,-0.2105057792763785,-0.2551639605066881,-0.2105057792763785,-0.2551639605066881,0.0009971765753995882,-0.00021088910676812548,0.0007127597004632798,1,18,replay
2,0,14,0.04,-0.2294390996047444,-0.27754891275602006,-0.2294390996047444,-0.27754891275602006,0.0011572770607253282,-0.0001881080369401536,0.0007520717068505267,1,18,replay
3,1,0,0.0,-0.03298406327095788,0.011569833682303847,-0.03298406327095788,0.011569833682303847,0.0009925248668609325,0.0006416040340087744,-0.000738497876382299,1,5,replay
3,1,1,0.002857142857142857,-0.04535464829707598,-0.007016757131530982,-0.04535464829707598,-0.007016757131530982,0.0007348969495105867,0.0005105724069880038,-0.0006320645402128334,1,18,replay
3,1,2,0.005714285714285714,-0.05770494981500504,-0.02519775082932541,-0.05770494981500504,-0.02519775082932541,0.0005283589929472856,0.0004146848544977635,-0.0005535653752710609,1,18,replay
3,1,3,0.008571428571428572,-0.07008878315244449,-0.043455784005854745,-0.07008878315244449,-0.043455784005854745,0.00035465832177112504,0.0003239565470899666,-0.0004668635505767801,1,18,replay
3,1,4,0.01142857142857143,-0.08254741857777903,-0.06181828534022542,-0.08254741857777903,-0.06181828534022542,0.00021484848239012496,0.00023920612060067257,-0.0003728367013896266,1,18,replay
3,1,5,0.01428571428571429,-0.0951311089464362,-0.0803156522171047,-0.0951311089464362,-0.0803156522171047,0.00010974887904934705,0.0001612701034001925,-0.00027254953812529944,1,18,replay
3,1,6,0.01714285714285714,-0.1078966172781416,-0.09898249840572043,-0.1078966172781416,-0.09898249840572043,3.9730757635827564e-05,9.093876925693337e-05,-0.00016720058778520319,1,18,replay
3,1,7,0.02,-0.1209100158631154,-0.11785916966328885,-0.1209100158631154,-0.11785916966328885,4.653831267498021e-06,2.895213192710034e-05,-5.815978052888606e-05,1,18,replay
3,1,8,0.02285714285714286,-0.1342504809363394,-0.13699364672098782,-0.1342504809363394,-0.13699364672098782,3.762479261032895e-06,-2.400569459993979e-05,5.2972163037436565e-05,1,18,replay
3,1,9,0.02571428571428571,-0.148005823108214,-0.1564440069216916,-0.148005823108214,-0.1564440069216916,3.560147303501774e-05,-6.739279671994098e-05,0.000164462615565104,1,18,replay
3,1,10,0.02857142857142857,-0.1623191851265599,-0.1762816985044246,-0.1623191851265599,-0.1762816985044246,9.747588991352527e-05,-0.00010050250436037056,0.0002735470553907041,1,18,replay
3,1,11,0.03142857142857143,-0.1773445180650449,-0.19659601659346473,-0.1773445180650449,-0.19659601659346473,0.00018531009779487566,-0.00012295753638654942,0.0003773016618628117,1,18,replay
3,1,12,0.03428571428571429,-0.1932953500569945,-0.21750039699550855,-0.1932953500569945,-0.21750039699550855,0.00029294214864783425,-0.00013446485517185568,0.0004717168713109555,1,18,replay
3,1,13,0.03714285714285714,-0.2105057792763785,-0.23914154056988815,-0.2105057792763785,-0.23914154056988815,0.00041000341242943255,-0.00013474056033029722,0.0005505715227951719,1,18,replay
3,1,14,0.04,-0.2294390996047444,-0.2617131034506692,-0.2294390996047444,-0.2617131034506692,0.0005208056621233853,-0.0001239323656641678,0.0006055012661705575,1,18,replay
4,2,0,0.0,-0.03298406327095788,0.00868902121645159,-0.03298406327095788,0.00868902121645159,0.000868322985347384,0.0006245574880559961,-0.0006941907661331596,1,5,replay
4,2,1,0.002857142857142857,-0.04535464829707598,-0.00965112162360762,-0.04535464829707598,-0.00965112162360762,0.0006373709084615332,0.0004943609797137717,-0.0005916334063730838,1,18,replay
4,2,2,0.005714285714285714,-0.05770494981500504,-0.027690281500985518,-0.05770494981500504,-0.027690281500985518,0.0004504401570003038,0.00039791506682459294,-0.0005138115828761841,1,18,replay
4,2,3,0.008571428571428572,-0.07008878315244449,-0.045800227768351326,-0.07008878315244449,-0.045800227768351326,0.0002949669613230805,0.0003068950159837015,-0.00042807919243306795,1,18,replay
4,2,4,0.01142857142857143,-0.08254741857777903,-0.06400864308376261,-0.08254741857777903,-0.06400864308376261,0.00017184309840877186,0.00022211888313329877,-0.0003353074941006472,1,18,replay
4,2,5,0.01428571428571429,-0.0951311089464362,-0.0823462012041916,-0.0951311089464362,-0.0823462012041916,8.172693298885292e-05,0.00014442074240045343,-0.00023655216464096222,1,18,replay
4,2,6,0.01714285714285714,-0.1078966172781416,-0.10084782613428171,-0.1078966172781416,-0.10084782613428171,2.4842728294878744e-05,7.458399433437016e-05,-0.00013299966706384691,1,18,replay
4,2,7,0.02,-0.1209100158631154,-0.11955422055298852,-0.1209100158631154,-0.11955422055298852,9.190904614810152e-07,1.3337310210869997e-05,-2.60049073631949e-05,1,18,replay
4,2,8,0.02285714285714286,-0.1342504809363394,-0.1385137846688241,-0.1342504809363394,-0.1385137846688241,9.087879357709021e-06,-3.865101662597805e-05,8.28492440662651e-05,1,18,replay
4,2,9,0.02571428571428571,-0.148005823108214,-0.15778509925169257,-0.148005823108214,-0.15778509925169257,4.781712094520451e-05,-8.08621283495329e-05,0.00019185186840442705,1,18,replay
4,2,10,0.02857142857142857,-0.1623191851265599,-0.1774402307405502,-0.1623191851265599,-0.1774402307405502,0.00011432301023018768,-0.00011260835180242644,0.0002982587198576802,1,18,replay
4,2,11,0.03142857142857143,-0.1773445180650449,-0.19756925398817662,-0.1773445180650449,-0.19756925398817662,0.00020451997158020757,-0.00013354443711329202,0.0003991712158604972,1,18,replay
4,2,12,0.03428571428571429,-0.1932953500569945,-0.21828662022074904,-0.1932953500569945,-0.21828662022074904,0.0003122817921988841,-0.00014341279363075968,0.0004906052318744451,1,18,replay
4,2,13,0.03714285714285714,-0.2105057792763785,-0.2397404034374792,-0.2105057792763785,-0.2397404034374792,0.00042733162492040647,-0.000141965282394628,0.0005663585951483294,1,18,replay
4,2,14,0.04,-0.2294390996047444,-0.26212620118918367,-0.2294390996047444,-0.26212620118918367,0.0005342233049957262,-0.00012939859855803142,0.0006180818891766518,1,18,replay
5,2,0,0.0,-0.03298406327095788,-0.004309809667903801,-0.03298406327095788,-0.004309809667903801,0.00041110640984613,0.0005136325266528096,-0.0004873181813780704,1,5,replay
5,2,1,0.002857142857142857,-0.04535464829707598,-0.021513942421753064,-0.04535464829707598,-0.021513942421753064,0.00028418962831682827,0.00039279996333219433,-0.00040326717134669097,1,18,replay
5,2,2,0.005714285714285714,-0.05770494981500504,-0.03891152218285621,-0.05770494981500504,-0.03891152218285621,0.00017659646108240755,0.0002958578416255284,-0.0003286574560945101,1,18,replay
5,2,3,0.008571428571428572,-0.07008878315244449,-0.05635231081743335,-0.07008878315244449,-0.05635231081743335,9.434533610526315e-05,0.0002056526146802486,-0.0002475100838411415,1,18,replay
5,2,4,0.01142857142857143,-0.08254741857777903,-0.07386531806504155,-0.08254741857777903,-0.07386531806504155,3.768943465663817e-05,0.0001229701297395513,-0.00016066124323879492,1,18,replay
5,2,5,0.01428571428571429,-0.0951311089464362,-0.09148264547648889,-0.0951311089464362,-0.09148264547648889,6.655642845769975e-06,4.860262126899625e-05,-6.911936959795202e-05,1,18,replay
5,2,6,0.01714285714285714,-0.1078966172781416,-0.10924079324296371,-0.1078966172781416,-0.10924079324296371,9.034045122027306e-07,-1.6730093119325846e-05,2.5989762573927718e-05,1,18,replay
5,2,7,0.02,-0.1209100158631154,-0.12718224115910326,-0.1209100158631154,-0.12718224115910326,1.9670405081815032e-05,-7.23842866679583e-05,0.00012338484866124665,1,18,replay
5,2,8,0.02285714285714286,-0.1342504809363394,-0.14535743216888286,-0.1342504809363394,-0.14535743216888286,6.168218284104935e-05,-0.00011779732142523603,0.00022156876488065076,1,18,replay
5,2,9,0.02571428571428571,-0.148005823108214,-0.16382734289065737,-0.148005823108214,-0.16382734289065737,0.00012516024411312338,-0.00015258940626052358,0.0003189327127356875,1,18,replay
5,2,10,0.02857142857142857,-0.1623191851265599,-0.18266691572356739,-0.1623191851265599,-0.18266691572356739,0.00020701507022419718,-0.00017618944180456566,0.0004128286233467903,1,18,replay
5,2,11,0.03142857142857143,-0.1773445180650449,-0.20196977597242352,-0.1773445180650449,-0.20196977597242352,0.0003032016635024568,-0.00018842888230051905,0.0005004752992939044,1,18,replay
5,2,12,0.03428571428571429,-0.1932953500569945,-0.22185491049537046,-0.1932953500569945,-0.22185491049537046,0.00040782424621662455,-0.0001892389380368857,0.0005780077471625888,1,18,replay
5,2,13,0.03714285714285714,-0.2105057792763785,-0.24247643109709116,-0.2105057792763785,-0.24247643109709116,0.0005110612889206186,-0.00017855631153851167,0.0006393175267550716,1,18,replay
5,2,14,0.04,-0.2294390996047444,-0.2640383734584701,-0.2294390996047444,-0.2640383734584701,0.000598554875602553,-0.0001568193918812612,0.0006761359031933258,1,18,replay
6,3,0,0.0,-0.03298406327095788,-0.06526919251724098,-0.03298406327095788,-0.06526919251724098,0.000521164785224602,-0.0017377028692672357,0.0007745504417156432,1,5,replay
6,3,1,0.002857142857142857,-0.04535464829707598,-0.07433469763257669,-0.04535464829707598,-0.07433469763257669,0.0004199216297440276,-0.0013958221444416539,0.0006938309033496096,1,18,replay
6,3,2,0.005714285714285714,-0.05770494981500504,-0.08623270596762596,-0.05770494981500504,-0.08623270596762596,0.0004069164355517003,-0.0012752895202411917,0.0007128603645986486,1,18,replay
6,3,3,0.008571428571428572,-0.07008878315244449,-0.09812672021689507,-0.07008878315244449,-0.09812672021689507,0.00039306295741504586,-0.0011572325500100555,0.0007282565843784118,1,18,replay
6,3,4,0.01142857142857143,-0.08254741857777903,-0.11006551402650502,-0.08254741857777903,-0.11006551402650502,0.0003786227885625971,-0.0010426392669388206,0.0007401571018175248,1,18,replay
6,3,5,0.01428571428571429,-0.0951311089464362,-0.12210109920320897,-0.0951311089464362,-0.12210109920320897,0.00036369018722520903,-0.0009321033480828417,0.000748555360931211,1,18,replay
6,3,6,0.01714285714285714,-0.1078966172781416,-0.134290683335912,-0.1078966172781416,-0.134290683335912,0.00034832336153097355,-0.0008260728689750635,0.00075339023928227,1,18,replay
6,3,7,0.02,-0.1209100158631154,-0.14669907691065992,-0.1209100158631154,-0.14669907691065992,0.0003325378348569892,-0.0007248714547412378,0.0007545151165043456,1,18,replay
6,3,8,0.02285714285714286,-0.1342504809363394,-0.15940182579893444,-0.1342504809363394,-0.15940182579893444,0.00031629507419859304,-0.000628717069999502,0.0007516521740961279,1,18,replay
6,3,9,0.02571428571428571,-0.148005823108214,-0.1724894869194901,-0.148005823108214,-0.1724894869194901,0.00029972489681179525,-0.0005379563776728775,0.0007446221871613763,1,18,replay
6,3,10,0.02857142857142857,-0.1623191851265599,-0.18607371939317544,-0.1623191851265599,-0.18607371939317544,0.0002821389491119057,-0.00045220182111532374,0.0007320607425293518,1,18,replay
6,3,11,0.03142857142857143,-0.1773445180650449,-0.20029633276333828,-0.1773445180650449,-0.20029633276333828,0.0002633928989723981,-0.00037169524254117016,0.0007129539144693596,1,18,replay
6,3,12,0.03428571428571429,-0.1932953500569945,-0.21534334013367287,-0.1932953500569945,-0.21534334013367287,0.00024305693321065406,-0.00029655353426569675,0.0006854839585508337,1,18,replay
6,3,13,0.03714285714285714,-0.2105057792763785,-0.23146792647170553,-0.2105057792763785,-0.23146792647170553,0.0002197058075192782,-0.00022655981386748722,0.0006456750742839169,1,18,replay
6,3,14,0.04,-0.2294390996047444,-0.24903038373268624,-0.2294390996047444,-0.24903038373268624,0.0001919092068908729,-0.00016208948449904386,0.0005882069673797393,1,18,replay
7,3,0,0.0,-0.03298406327095788,-0.021714765836933835,-0.03298406327095788,-0.021714765836933835,6.349853232825048e-05,0.00028690962370116923,-0.00021974248374058222,1,5,replay
7,3,1,0.002857142857142857,-0.04535464829707598,-0.03654817455976619,-0.04535464829707598,-0.03654817455976619,3.8776989842963545e-05,0.000204363435987982,-0.00017110262617571798,1,18,replay
7,3,2,0.005714285714285714,-0.05770494981500504,-0.052314302551146365,-0.05770494981500504,-0.052314302551146365,1.4529538961673516e-05,0.0001188370140728965,-0.00010859249947122568,1,18,replay
7,3,3,0.008571428571428572,-0.07008878315244449,-0.06809418010355821,-0.07008878315244449,-0.06809418010355821,1.989220661313225e-06,4.156204909455609e-05,-4.151225286667419e-05,1,18,replay
7,3,4,0.01142857142857143,-0.08254741857777903,-0.08392147908052403,-0.08254741857777903,-0.08392147908052403,9.44021132601914e-07,-2.6913165257112917e-05,2.944632775543344e-05,1,18,replay
7,3,5,0.01428571428571429,-0.0951311089464362,-0.09983339401102294,-0.0951311089464362,-0.09983339401102294,1.1055742414317757e-05,-8.603771044942108e-05,0.00010342927614520444,1,18,replay
7,3,6,0.01714285714285714,-0.1078966172781416,-0.11587216141038072,-0.1078966172781416,-0.11587216141038072,3.1804652102646955e-05,-0.00013536481670640749,0.00017948816994252368,1,18,replay
7,3,7,0.02,-0.1209100158631154,-0.1320869178024054,-0.1209100158631154,-0.1320869178024054,6.246156848025224e-05,-0.00017455145486942707,0.0002565431944784096,1,18,replay
7,3,8,0.02285714285714286,-0.1342504809363394,-0.14853607014861983,-0.1342504809363394,-0.14853607014861983,0.00010203902957101151,-0.0002033585752153162,0.00033332405286424724,1,18,replay
7,3,9,0.02571428571428571,-0.148005823108214,-0.16529043439100202,-0.148005823108214,-0.16529043439100202,0.00014937889359854147,-0.00022177899798468554,0.00040850893790529886,1,18,replay
7,3,10,0.02857142857142857,-0.1623191851265599,-0.18243753462719436,-0.1623191851265599,-0.18243753462719436,0.00020237399331483937,-0.00022952976095909366,0.00047966166409768097,1,18,replay
7,3,11,0.03142857142857143,-0.1773445180650449,-0.2000876906184045,-0.1773445180650449,-0.2000876906184045,0.000258625948895945,-0.00022683541841072777,0.0005443261083553674,1,18,replay
7,3,12,0.03428571428571429,-0.1932953500569945,-0.2183829402833611,-0.1932953500569945,-0.2183829402833611,0.0003146935916830428,-0.0002140063684099506,0.0005989605947452037,1,18,replay
7,3,13,0.03714285714285714,-0.2105057792763785,-0.23751062561047354,-0.2105057792763785,-0.23751062561047354,0.00036463086276404284,-0.00019130691004223612,0.0006376342860984713,1,18,replay
7,3,14,0.04,-0.2294390996047444,-0.2577250151217195,-0.2294390996047444,-0.2577250151217195,0.0004000465083167271,-0.00015957568638673612,0.0006522149291551215,1,18,replay
8,4,0,0.0,-0.03298406327095788,-0.07449266733381195,-0.03298406327095788,-0.07449266733381195,0.0008614821056233925,-0.0039079332156276665,0.0015701939089948443,1,5,replay
8,4,1,0.002857142857142857,-0.04535464829707598,-0.07853112786042253,-0.04535464829707598,-0.07853112786042253,0.0005503393981085757,-0.0027604436243523433,0.0012637102817733338,1,18,replay
8,4,2,0.005714285714285714,-0.05770494981500504,-0.08509188725506482,-0.05770494981500504,-0.08509188725506482,0.0003750221711728741,-0.0020270538870054526,0.0011014528523877038,1,18,replay
8,4,3,0.008571428571428572,-0.07008878315244449,-0.09191396492512911,-0.07008878315244449,-0.09191396492512911,0.00023816927970536257,-0.0014333895860318615,0.0009224582886789036,1,18,replay
8,4,4,0.01142857142857143,-0.08254741857777903,-0.09903875998236433,-0.08254741857777903,-0.09903875998236433,0.00013598217066129476,-0.0009576035676561882,0.0007294001034812823,1,18,replay
8,4,5,0.01428571428571429,-0.0951311089464362,-0.10651395459507082,-0.0951311089464362,-0.10651395459507082,6.478458753032006e-05,-0.0005815759083495664,0.0005247639474960107,1,18,replay
8,4,6,0.01714285714285714,-0.1078966172781416,-0.11439625309022054,-0.1078966172781416,-0.11439625309022054,2.1122632844829592e-05,-0.0002903586326513463,0.00031113833724804386,1,18,replay
8,4,7,0.02,-0.1209100158631154,-0.12275511623412526,-0.1209100158631154,-0.12275511623412526,1.702197689550369e-06,-7.148710399636493e-05,9.136530319388056e-05,1,18,replay
8,4,8,0.02285714285714286,-0.1342504809363394,-0.13167816577649946,-0.1342504809363394,-0.13167816577649946,3.3084026407711843e-06,8.553392229612338e-05,-0.00013123116072085873,1,18,replay
8,4,9,0.02571428571428571,-0.148005823108214,-0.14127942939433202,-0.148005823108214,-0.14127942939433202,2.2622186197075497e-05,0.00018934587838623202,-0.00035194857936360634,1,18,replay
8,4,10,0.02857142857142857,-0.1623191851265599,-0.15171261352214788,-0.1623191851265599,-0.15171261352214788,5.624968059975979e-05,0.00024818860842039267,-0.0005660380085197119,1,18,replay
8,4,11,0.03142857142857143,-0.1773445180650449,-0.16319382419333875,-0.1773445180650449,-0.16319382419333875,0.00010012106852537091,0.0002684189445556429,-0.000764455305614717,1,18,replay
8,4,12,0.03428571428571429,-0.1932953500569945,-0.1760435320958745,-0.1932953500569945,-0.1760435320958745,0.0001488126114818112,0.00025584988882861086,-0.0009326163158319685,1,18,replay
8,4,13,0.03714285714285714,-0.2105057792763785,-0.19077223712492902,-0.2105057792763785,-0.19077223712492902,0.0001947063429215168,0.00021639560099201159,-0.0010458196099926147,1,18,replay
8,4,14,0.04,-0.2294390996047444,-0.20828173206925762,-0.2294390996047444,-0.20828173206925762,0.0002238171005158349,0.0001560068783700669,-0.0010512688775956038,1,18,replay
9,4,0,0.0,-0.03298406327095788,-0.03630775938971096,-0.03298406327095788,-0.03630775938971096,5.523477944907137e-06,-0.00013276581840495846,8.479877741915505e-05,1,5,replay
9,4,1,0.002857142857142857,-0.04535464829707598,-0.04777805815795868,-0.04535464829707598,-0.04777805815795868,2.9364576769117534e-06,-8.724424653945792e-05,6.18160483095871e-05,1,18,replay
9,4,2,0.005714285714285714,-0.05770494981500504,-0.060850441438331584,-0.05770494981500504,-0.060850441438331584,4.947058776208727e-06,-0.00010622789655108955,8.370560534639385e-05,1,18,replay
9,4,3,0.008571428571428572,-0.07008878315244449,-0.07393706219889534,-0.07008878315244449,-0.07393706219889534,7.404625809676344e-06,-0.00012125233225348121,0.0001064184382761828,1,18,replay
9,4,4,0.01142857142857143,-0.08254741857777903,-0.08708126852584985,-0.08254741857777903,-0.08708126852584985,1.02778976758109e-05,-0.00013248020864680128,0.0001298101189197376,1,18,replay
9,4,5,0.01428571428571429,-0.0951311089464362,-0.10033051907965983,-0.0951311089464362,-0.10033051907965983,1.3516932866734273e-05,-0.0001399498021532464,0.0001535931572977045,1,18,replay
9,4,6,0.01714285714285714,-0.1078966172781416,-0.1137383613650705,-0.1078966172781416,-0.1137383613650705,1.706298698858441e-05,-0.00014373729417253256,0.00017744442168414208,1,18,replay
9,4,7,0.02,-0.1209100158631154,-0.12736693672322322,-0.1209100158631154,-0.12736693672322322,2.0845913496847777e-05,-0.00014395220618931772,0.00020098694895303248,1,18,replay
9,4,8,0.02285714285714286,-0.1342504809363394,-0.14129031653396554,-0.1342504809363394,-0.14129031653396554,2.4779642620802076e-05,-0.00014073345940508877,0.00022376047404381398,1,18,replay
9,4,9,0.02571428571428571,-0.148005823108214,-0.1555991449202883,-0.148005823108214,-0.1555991449202883,2.8829268070861747e-05,-0.00013442092709525124,0.00024549202364950194,1,18,replay
9,4,10,0.02857142857142857,-0.1623191851265599,-0.17040737102895456,-0.1623191851265599,-0.17040737102895456,3.2709375595847835e-05,-0.00012484516068643768,0.0002647691190942206,1,18,replay
9,4,11,0.03142857142857143,-0.1773445180650449,-0.18586243013644835,-0.1773445180650449,-0.18586243013644835,3.627741302808035e-05,-0.00011240696243013213,0.0002807307461381792,1,18,replay
9,4,12,0.03428571428571429,-0.1932953500569945,-0.2021613705308003,-0.1932953500569945,-0.2021613705308003,3.930315952097183e-05,-9.745884725862476e-05,0.0002919298991839062,1,18,replay
9,4,13,0.03714285714285714,-0.2105057792763785,-0.21957782824689018,-0.2105057792763785,-0.21957782824689018,4.115103626168093e-05,-8.011172306716058e-05,0.0002950456592160373,1,18,replay
9,4,14,0.04,-0.2294390996047444,-0.23851029606982035,-0.2294390996047444,-0.23851029606982035,4.114330265400324e-05,-6.0966830949945644e-05,0.00028598622990558243,1,18,replay
10,5,0,0.0,-0.03298406327095788,-0.01698109678675945,-0.03298406327095788,-0.01698109678675945,0.00012804746814718915,0.0006985776332550498,-0.0005666809845085668,1,5,replay
10,5,1,0.002857142857142857,-0.04535464829707598,-0.027612782209403833,-0.04535464829707598,-0.027612782209403833,0.00015738690613644547,0.0006959000527738308,-0.0006341325099597173,1,18,replay
10,5,2,0.005714285714285714,-0.05770494981500504,-0.03899595630575982,-0.05770494981500504,-0.03899595630575982,0.00017501321906448992,0.0006841478680672553,-0.0007031578074185198,1,18,replay
10,5,3,0.008571428571428572,-0.07008878315244449,-0.050448992216477015,-0.07008878315244449,-0.050448992216477015,0.00019286069400425507,0.0006656539147382658,-0.0007728843958632068,1,18,replay
10,5,4,0.01142857142857143,-0.08254741857777903,-0.062021712000867736,-0.08254741857777903,-0.062021712000867736,0.0002106523152407298,0.0006405750092893738,-0.0008423847360425831,1,18,replay
10,5,5,0.01428571428571429,-0.0951311089464362,-0.07376917864643762,-0.0951311089464362,-0.07376917864643762,0.00022816603307099876,0.0006092838218635867,-0.0009107771732289056,1,18,replay
10,5,6,0.01714285714285714,-0.1078966172781416,-0.08575439674381612,-0.1078966172781416,-0.08575439674381612,0.0002451389650953524,0.0005721805721443904,-0.0009770039899817237,1,18,replay
10,5,7,0.02,-0.1209100158631154,-0.09805194723620037,-0.1209100158631154,-0.09805194723620037,0.00026124565067637856,0.000529687996293204,-0.0010397396383695677,1,18,replay
10,5,8,0.02285714285714286,-0.1342504809363394,-0.11075316203846342,-0.1342504809363394,-0.11075316203846342,0.00027606199769423997,0.0004822480356575802,-0.0010972368326370929,1,18,replay
10,5,9,0.02571428571428571,-0.148005823108214,-0.12397387751385582,-0.148005823108214,-0.12397387751385582,0.0002887672045250959,0.0004301456829311348,-0.0011465910846694472,1,18,replay
10,5,10,0.02857142857142857,-0.1623191851265599,-0.1378666768541369,-0.1623191851265599,-0.1378666768541369,0.0002989625804064579,0.00037423707093217103,-0.0011851057425291765,1,18,replay
10,5,11,0.03142857142857143,-0.1773445180650449,-0.15264138796685642,-0.1773445180650449,-0.15264138796685642,0.00030512231832401267,0.00031487582234454115,-0.0012067170470696847,1,18,replay
10,5,12,0.03428571428571429,-0.1932953500569945,-0.16860192068605792,-0.1932953500569945,-0.16860192068605792,0.00030488272704871656,0.000252629255127423,-0.0012015655941873672,1,18,replay
10,5,13,0.03714285714285714,-0.2105057792763785,-0.18621876783367802,-0.2105057792763785,-0.18621876783367802,0.00029492946240893214,0.00018863454623172502,-0.001153567757859451,1,18,replay
10,5,14,0.04,-0.2294390996047444,-0.20629058454853466,-0.2294390996047444,-0.20629058454853466,0.0002679268746537845,0.00012442417329863254,-0.0010291577713424447,1,18,replay
11,5,0,0.0,-0.03298406327095788,-0.03230885379859501,-0.03298406327095788,-0.03230885379859501,2.279539157842754e-07,2.754278329800689e-05,-1.8483735267337303e-05,1,5,replay
11,5,1,0.002857142857142857,-0.04535464829707598,-0.04360545824879508,-0.04535464829707598,-0.04360545824879508,1.5298329125024647e-06,6.426613085940114e-05,-4.79395385683992e-05,1,18,replay
11,5,2,0.005714285714285714,-0.05770494981500504,-0.056328448986956506,-0.05770494981500504,-0.056328448986956506,9.473772648091515e-07,4.738071927047622e-05,-3.941345648809601e-05,1,18,replay
11,5,3,0.008571428571428572,-0.07008878315244449,-0.06907790700939427,-0.07008878315244449,-0.06907790700939427,5.109352882940428e-07,3.241945551107619e-05,-3.011893876569519e-05,1,18,replay
11,5,4,0.01142857142857143,-0.08254741857777903,-0.08189836376951735,-0.08254741857777903,-0.08189836376951735,2.1063607206380046e-07,1.9275980339794533e-05,-2.004808908344467e-05,1,18,replay
11,5,5,0.01428571428571429,-0.0951311089464362,-0.09483866659769362,-0.0951311089464362,-0.09483866659769362,4.276126366903849e-08,7.987659198180979e-06,-9.331153601698837e-06,1,18,replay
11,5,6,0.01714285714285714,-0.1078966172781416,-0.10795409031237696,-0.1078966172781416,-0.10795409031237696,1.6515748321098262e-09,-1.4324652327511966e-06,1.8877920389966593e-06,1,18,replay
11,5,7,0.02,-0.1209100158631154,-0.12130904458234477,-0.1209100158631154,-0.12130904458234477,7.961195938491973e-08,-8.993224075539277e-06,1.3445317645763755e-05,1,18,replay
11,5,8,0.02285714285714286,-0.1342504809363394,-0.1349807277796756,-0.1342504809363394,-0.1349807277796756,2.666302261012397e-07,-1.472313933602612e-05,2.5149117102257215e-05,1,18,replay
11,5,9,0.02571428571428571,-0.148005823108214,-0.14906428580546324,-0.148005823108214,-0.14906428580546324,5.601716407340688e-07,-1.8844076240278533e-05,3.710731864186882e-05,1,18,replay
11,5,10,0.02857142857142857,-0.1623191851265599,-0.16368041591199703,-0.1623191851265599,-0.16368041591199703,9.264746256108834e-07,-2.105624503745492e-05,4.834850592390795e-05,1,18,replay
11,5,11,0.03142857142857143,-0.1773445180650449,-0.17898708735953348,-0.1773445180650449,-0.17898708735953348,1.3490169435983602e-06,-2.162312420518157e-05,5.8752563473517705e-05,1,18,replay
11,5,12,0.03428571428571429,-0.1932953500569945,-0.19519853999316608,-0.1932953500569945,-0.19519853999316608,1.8110659665723996e-06,-2.0739094205827556e-05,6.798710929101366e-05,1,18,replay
11,5,13,0.03714285714285714,-0.2105057792763785,-0.21261799063101813,-0.2105057792763785,-0.21261799063101813,2.230718403334282e-06,-1.832294689005081e-05,7.441046953296099e-05,1,18,replay
11,5,14,0.04,-0.2294390996047444,-0.2316983814215434,-0.2294390996047444,-0.2316983814215434,2.5521771638592757e-06,-1.4704101836379565e-05,7.681948376796869e-05,1,18,replay
12,6,0,0.0,-0.03298406327095788,-0.03773916386961667,-0.03298406327095788,-0.03773916386961667,1.1305490851682578e-05,-0.00022195194003884263,0.00013929637213792553,1,5,replay
12,6,1,0.002857142857142857,-0.04535464829707598,-0.04793366961797344,-0.04535464829707598,-0.04793366961797344,3.325675486821845e-06,-0.00010810125298837968,7.576707856882955e-05,1,18,replay
12,6,2,0.005714285714285714,-0.05770494981500504,-0.05976844657855204,-0.05770494981500504,-0.05976844657855204,2.129009446584475e-06,-8.05927602766537e-05,6.347211100189965e-05,1,18,replay
12,6,3,0.008571428571428572,-0.07008878315244449,-0.07163730940801595,-0.07008878315244449,-0.07163730940801595,1.1989667820970853e-06,-5.604234141575242e-05,4.966508567548269e-05,1,18,replay
12,6,4,0.01142857142857143,-0.08254741857777903,-0.08358814805225938,-0.08254741857777903,-0.08358814805225938,5.415589195260707e-07,-3.468709877155344e-05,3.466956074038113e-05,1,18,replay
12,6,5,0.01428571428571429,-0.0951311089464362,-0.09567317738914331,-0.0951311089464362,-0.09567317738914331,1.4691909828945774e-07,-1.652367804344328e-05,1.868752657748792e-05,1,18,replay
12,6,6,0.01714285714285714,-0.1078966172781416,-0.10795121178405427,-0.1078966172781416,-0.10795121178405427,1.4902800379247107e-09,-1.5100055523042688e-06,1.940822497615036e-06,1,18,replay
12,6,7,0.02,-0.1209100158631154,-0.12049060295520989,-0.1209100158631154,-0.12049060295520989,8.795359365887735e-08,1.0428768880321137e-05,-1.5320107168328627e-05,1,18,replay
12,6,8,0.02285714285714286,-0.1342504809363394,-0.13337324622242394,-0.1342504809363394,-0.13337324622242394,3.8477037164916864e-07,1.9395189992527956e-05,-3.280102576364056e-05,1,18,replay
12,6,9,0.02571428571428571,-0.148005823108214,-0.14670031118697402,-0.148005823108214,-0.14670031118697402,8.52180688249855e-07,2.532415437197026e-05,-4.9762033558225855e-05,1,18,replay
12,6,10,0.02857142857142857,-0.1623191851265599,-0.1606008241522986,-0.1623191851265599,-0.1606008241522986,1.4763822189321437e-06,2.875900575060189e-05,-6.64414662423771e-05,1,18,replay
12,6,11,0.03142857142857143,-0.1773445180650449,-0.17524515772494717,-0.1773445180650449,-0.17524515772494717,2.2036569187876123e-06,2.966487798451997e-05,-8.18232628375059e-05,1,18,replay
12,6,12,0.03428571428571429,-0.1932953500569945,-0.19086743397837644,-0.1932953500569945,-0.19086743397837644,2.947388242406046e-06,2.8130381815248794e-05,-9.454341554857357e-05,1,18,replay
12,6,13,0.03714285714285714,-0.2105057792763785,-0.20780530720319085,-0.2105057792763785,-0.20780530720319085,3.6462747090332284e-06,2.460385724656347e-05,-0.00010361371975893575,1,18,replay
12,6,14,0.04,-0.2294390996047444,-0.2265769566335861,-0.2294390996047444,-0.2265769566335861,4.0959311936754436e-06,1.922212836836798e-05,-0.00010557384947287195,1,18,replay
13,6,0,0.0,-0.03298406327095788,-0.03425841393054939,-0.03298406327095788,-0.03425841393054939,8.119848018006543e-07,-5.461486202711675e-05,3.577926104049662e-05,1,5,replay
13,6,1,0.002857142857142857,-0.04535464829707598,-0.045155191624976464,-0.04535464829707598,-0.045155191624976464,1.9891482022506834e-08,7.690637436880314e-06,-5.610006292522297e-06,1,18,replay
13,6,2,0.005714285714285714,-0.05770494981500504,-0.05755745725123438,-0.05770494981500504,-0.05755745725123438,1.0877028183821275e-08,5.317909413265531e-06,-4.3374871380981314e-06,1,18,replay
13,6,3,0.008571428571428572,-0.07008878315244449,-0.06998832739082134,-0.07008878315244449,-0.06998832739082134,5.045680021643842e-09,3.3681884356959658e-06,-3.076354747293088e-06,1,18,replay
13,6,4,0.01142857142857143,-0.08254741857777903,-0.08249356381023529,-0.08254741857777903,-0.08249356381023529,1.4501679935952894e-09,1.6689018820583426e-06,-1.7109482037061526e-06,1,18,replay
13,6,5,0.01428571428571429,-0.0951311089464362,-0.09512325880676963,-0.0951311089464362,-0.09512325880676963,3.081234639235663e-11,2.2329166783356848e-07,-2.57797605684565e-07,1,18,replay
13,6,6,0.01714285714285714,-0.1078966172781416,-0.10793400444936863,-0.1078966172781416,-0.10793400444936863,6.989002861797193e-10,-9.684650740388217e-07,1.2647075096303452e-06,1,18,replay
13,6,7,0.02,-0.1209100158631154,-0.12099168227219036,-0.1209100158631154,-0.12099168227219036,3.334701185599557e-09,-1.9089492293683473e-06,2.835601026048224e-06,1,18,replay
13,6,8,0.02285714285714286,-0.1342504809363394,-0.13437524350195193,-0.1342504809363394,-0.13437524350195193,7.782848889110367e-09,-2.603230441525299e-06,4.430110931823668e-06,1,18,replay
13,6,9,0.02571428571428571,-0.148005823108214,-0.14818207283480286,-0.148005823108214,-0.14818207283480286,1.5531983061324276e-08,-3.2398323039249327e-06,6.374025668551397e-06,1,18,replay
13,6,10,0.02857142857142857,-0.1623191851265599,-0.16253594156410886,-0.1623191851265599,-0.16253594156410886,2.3491676609456778e-08,-3.453184954182885e-06,7.945510075463838e-06,1,18,replay
13,6,11,0.03142857142857143,-0.1773445180650449,-0.17759935532263998,-0.1773445180650449,-0.17759935532263998,3.247101392929361e-08,-3.4451851282672354e-06,9.41056869637857e-06,1,18,replay
13,6,12,0.03428571428571429,-0.1932953500569945,-0.19359374801835452,-0.1932953500569945,-0.19359374801835452,4.452067167190954e-08,-3.327903828353958e-06,1.1006600944270479e-05,1,18,replay
13,6,13,0.03714285714285714,-0.2105057792763785,-0.21083464099914778,-0.2105057792763785,-0.21083464099914778,5.407501635138765e-08,-2.906849393164683e-06,1.1959018350126765e-05,1,18,replay
13,6,14,0.04,-0.2294390996047444,-0.2297979250256063,-0.2294390996047444,-0.2297979250256063,6.437784132836267e-08,-2.364632145033226e-06,1.2576949542302725e-05,1,18,replay
14,7,0,0.0,-0.03298406327095788,-0.03405928321536984,-0.03298406327095788,-0.03405928321536984,5.780489644306298e-07,-4.6055169484325654e-05,3.0246093770085516e-05,1,5,replay
14,7,1,0.002857142857142857,-0.04535464829707598,-0.04496006875948285,-0.04535464829707598,-0.04496006875948285,7.784650574360367e-08,1.5205849929891047e-05,-1.1119841209713688e-05,1,18,replay
14,7,2,0.005714285714285714,-0.05770494981500504,-0.057357690097542734,-0.05770494981500504,-0.057357690097542734,6.029465568600078e-08,1.251376876313764e-05,-1.023262898580785e-05,1,18,replay
14,7,3,0.008571428571428572,-0.07008878315244449,-0.06978430688847787,-0.07008878315244449,-0.06978430688847787,4.635289765953674e-08,1.0203224807206156e-05,-9.3431801119975e-06,1,18,replay
14,7,4,0.01142857142857143,-0.08254741857777903,-0.08228569410741403,-0.08254741857777903,-0.08228569410741403,3.424984919392035e-08,8.106094520113553e-06,-8.332034616844827e-06,1,18,replay
14,7,5,0.01428571428571429,-0.0951311089464362,-0.09491196487056855,-0.0951311089464362,-0.09491196487056855,2.401206299394316e-08,6.229911181504306e-06,-7.21171881421394e-06,1,18,replay
14,7,6,0.01714285714285714,-0.1078966172781416,-0.10771974334438032,-0.1078966172781416,-0.10771974334438032,1.5642194222093188e-08,4.579055296397638e-06,-5.99585967276786e-06,1,18,replay
14,7,7,0.02,-0.1209100158631154,-0.12077496024401504,-0.1209100158631154,-0.12077496024401504,9.120010125289325e-09,3.1550369649933915e-06,-4.699437605052288e-06,1,18,replay
14,7,8,0.02285714285714286,-0.1342504809363394,-0.13415664242252695,-0.1342504809363394,-0.13415664242252695,4.402833337264665e-09,1.956751273106208e-06,-3.3392809482792e-06,1,18,replay
14,7,9,0.02571428571428571,-0.148005823108214,-0.1479622921898234,-0.148005823108214,-0.1479622921898234,9.474704279645228e-10,7.996437835467918e-07,-1.5777301097313016e-06,1,18,replay
14,7,10,0.02857142857142857,-0.1623191851265599,-0.16231586723098787,-0.1623191851265599,-0.16231586723098787,5.504215513467644e-12,5.281822094754584e-08,-1.218897252333503e-07,1,18,replay
14,7,11,0.03142857142857143,-0.1773445180650449,-0.17738017674303322,-0.1773445180650449,-0.17738017674303322,6.357706579375667e-10,-4.816612841195658e-07,1.3196936291336562e-06,1,18,replay
14,7,12,0.03428571428571429,-0.1932953500569945,-0.19337716804223,-0.1932953500569945,-0.19337716804223,3.347091353999564e-09,-9.115499323792221e-07,3.024494332736913e-06,1,18,replay
14,7,13,0.03714285714285714,-0.2105057792763785,-0.2106232768013137,-0.2105057792763785,-0.2106232768013137,6.902834182949044e-09,-1.0372514050804385e-06,4.281850981378066e-06,1,18,replay
14,7,14,0.04,-0.2294390996047444,-0.22959614289233304,-0.2294390996047444,-0.22959614289233304,1.2331297088324607e-08,-1.0331387311552676e-06,5.515239970246155e-06,1,18,replay
15,8,0,0.0,-0.03298406327095788,-0.03410321469707093,-0.03298406327095788,-0.03410321469707093,6.262499572854328e-07,-4.7952986480023195e-05,3.147534905083355e-05,1,5,replay
15,8,1,0.002857142857142857,-0.04535464829707598,-0.04500135523310214,-0.04535464829707598,-0.04500135523310214,6.240799452601109e-08,1.3619278816322789e-05,-9.954209460791288e-06,1,18,replay
15,8,2,0.005714285714285714,-0.05770494981500504,-0.057398206575839585,-0.05770494981500504,-0.057398206575839585,4.704570738685822e-08,1.105725613479565e-05,-9.036795543901039e-06,1,18,replay
15,8,3,0.008571428571428572,-0.07008878315244449,-0.06982399799441832,-0.07008878315244449,-0.06982399799441832,3.505558995547061e-08,8.875896505909555e-06,-8.123450420016204e-06,1,18,replay
15,8,4,0.01142857142857143,-0.08254741857777903,-0.08232450817496056,-0.08254741857777903,-0.08232450817496056,2.4844523842345356e-08,6.9060285755685705e-06,-7.094825069891621e-06,1,18,replay
15,8,5,0.01428571428571429,-0.0951311089464362,-0.09494985267263978,-0.0951311089464362,-0.09494985267263978,1.642691839528152e-08,5.154330501437294e-06,-5.963562529516997e-06,1,18,replay
15,8,6,0.01714285714285714,-0.1078966172781416,-0.10775665647306545,-0.1078966172781416,-0.10775665647306545,9.794513478780513e-09,3.6244518815051294e-06,-4.743477986581369e-06,1,18,replay
15,8,7,0.02,-0.1209100158631154,-0.12081084889477739,-0.1209100158631154,-0.12081084889477739,4.917043804675419e-09,2.317287543408163e-06,-3.449867241040629e-06,1,18,replay
15,8,8,0.02285714285714286,-0.1342504809363394,-0.13419145218460454,-0.1342504809363394,-0.13419145218460454,1.7421967656877244e-09,1.2312240626200184e-06,-2.1000857039268217e-06,1,18,replay
15,8,9,0.02571428571428571,-0.148005823108214,-0.1479959591635031,-0.148005823108214,-0.1479959591635031,4.864870262976409e-11,1.812454617999296e-07,-3.574265495528087e-07,1,18,replay
15,8,10,0.02857142857142857,-0.1623191851265599,-0.16234831024528965,-0.1623191851265599,-0.16234831024528965,4.2413627051070315e-10,-4.637741948518138e-07,1.0697282647393926e-06,1,18,replay
15,8,11,0.03142857142857143,-0.1773445180650449,-0.17741128432803843,-0.1773445180650449,-0.17741128432803843,2.2288669370612407e-09,-9.020971042356431e-07,2.4703984925210503e-06,1,18,replay
15,8,12,0.03428571428571429,-0.1932953500569945,-0.19340677536082318,-0.1932953500569945,-0.19340677536082318,6.207799166657133e-09,-1.2417667487612308e-06,4.118050061494811e-06,1,18,replay
15,8,13,0.03714285714285714,-0.2105057792763785,-0.21065112190397758,-0.2105057792763785,-0.21065112190397758,1.0562239698701926e-08,-1.2834605440620796e-06,5.2954574796744965e-06,1,18,replay
15,8,14,0.04,-0.2294390996047444,-0.2296217760939454,-0.2294390996047444,-0.2296217760939454,1.6685349853402588e-08,-1.2021950542198632e-06,6.414222897214363e-06,1,18,replay
16,9,0,0.0,-0.03298406327095788,-0.034102501375469114,-0.03298406327095788,-0.034102501375469114,6.254518968113392e-07,-4.792169138809221e-05,3.145508473557462e-05,1,5,replay
16,9,1,0.002857142857142857,-0.04535464829707598,-0.045000765850065856,-0.04535464829707598,-0.045000765850065856,6.261639315093631e-08,1.364179577846621e-05,-9.970749770126264e-06,1,18,replay
16,9,2,0.005714285714285714,-0.05770494981500504,-0.05739771223691626,-0.05770494981500504,-0.05739771223691626,4.7197464694929624e-08,1.1074917054230303e-05,-9.051297230426161e-06,1,18,replay
16,9,3,0.008571428571428572,-0.07008878315244449,-0.06982359817959119,-0.07008878315244449,-0.06982359817959119,3.5161534913602614e-08,8.889176689273109e-06,-8.135659325363861e-06,1,18,replay
16,9,4,0.01142857142857143,-0.08254741857777903,-0.08232420199879485,-0.08254741857777903,-0.08232420199879485,2.4912820566699967e-08,6.915423452460253e-06,-7.104518799538454e-06,1,18,replay
16,9,5,0.01428571428571429,-0.0951311089464362,-0.09494963888620211,-0.0951311089464362,-0.09494963888620211,1.646569138068115e-08,5.1603452220384785e-06,-5.9705521878893765e-06,1,18,replay
16,9,6,0.01714285714285714,-0.1078966172781416,-0.10775653345023307,-0.1078966172781416,-0.10775653345023307,9.811739420751742e-09,3.6275944683946158e-06,-4.7476114541341365e-06,1,18,replay
16,9,7,0.02,-0.1209100158631154,-0.1208108145966797,-0.1209100158631154,-0.1208108145966797,4.920445631223374e-09,2.3180628253815066e-06,-3.451033713470581e-06,1,18,replay
16,9,8,0.02285714285714286,-0.1342504809363394,-0.13419150409081015,-0.1342504809363394,-0.13419150409081015,1.7391341542902774e-09,1.230128301784673e-06,-2.098222454308203e-06,1,18,replay
16,9,9,0.02571428571428571,-0.148005823108214,-0.14799609414941226,-0.148005823108214,-0.14799609414941226,4.7326319683043707e-11,1.7876337518440726e-07,-3.5253241133752056e-07,1,18,replay
16,9,10,0.02857142857142857,-0.1623191851265599,-0.16234852436769964,-0.1623191851265599,-0.16234852436769964,4.3039553532780056e-10,-4.671794582236159e-07,1.077583900395371e-06,1,18,replay
16,9,11,0.03142857142857143,-0.1773445180650449,-0.17741157244515568,-0.1773445180650449,-0.17741157244515568,2.2481449460209548e-09,-9.059822961184862e-07,2.481038492018953e-06,1,18,replay
16,9,12,0.03428571428571429,-0.1932953500569945,-0.1934071304346741,-0.1932953500569945,-0.1934071304346741,6.24742641709875e-09,-1.2457145154930856e-06,4.131138442922158e-06,1,18,replay
16,9,13,0.03714285714285714,-0.2105057792763785,-0.21065153364554046,-0.2105057792763785,-0.21065153364554046,1.0622168064898847e-08,-1.2870883871683743e-06,5.310415060930143e-06,1,18,replay
16,9,14,0.04,-0.2294390996047444,-0.22962222810858432,-0.2294390996047444,-0.22962222810858432,1.6768024459323586e-08,-1.205164236192579e-06,6.430043224378952e-06,1,18,replay
